PROLIFIC_PID,chart,question,sketchImage,tag,designGuidelines
5fd3ec9a6ef5c510d9429920,AC,ACQ1,ACQ1_R_1GvNIbhHCvtnA2V.png,,
615e056d45156d8d481b5856,AC,ACQ1,ACQ1_R_1gitGAckGFvxVz1.png,,
603e398b791c600929143195,AC,ACQ1,ACQ1_R_2P6BVh2rwjiG2Pr.png,,
615bc2bfcbb7dff35fb83eb1,AC,ACQ1,ACQ1_R_2w68oupieN79OPu.png,,
60fcd2ade28cc412d542108c,AC,ACQ1,ACQ1_R_3iKFSnDQzUcHnGw.png,,
5f316280965ec564c886f978,AC,ACQ1,ACQ1_R_3qQAR2xQT3uOAcQ.png,,
6126d91f511f195f9a4cc4d0,AC,ACQ1,ACQ1_R_AuQN0TuH6dR20bT.png,,
64e369beb2e16553eb33edb1,AC,ACQ1,ACQ1_R_RV6jfGEAObaHFmx.png,,
5e3352b4334b2131feaf8dbb,AC,ACQ2,ACQ2_R_1CdnC13t24FNsYT.png,,
5fd3ec9a6ef5c510d9429920,AC,ACQ2,ACQ2_R_1GvNIbhHCvtnA2V.png,,
6093672d6d0cab92f5319597,AC,ACQ2,ACQ2_R_2bOjR2UgzwnE4iW.png,,
5e8a0912524dca6ad71ecb86,AC,ACQ2,ACQ2_R_2vibkPXKuGIL5X3.png,,
5f316280965ec564c886f978,AC,ACQ2,ACQ2_R_3qQAR2xQT3uOAcQ.png,,
5c534e802a52960001fe264f,AC,ACQ3,ACQ3_R_1BXXwYyGONDsGl1.png,,
615e056d45156d8d481b5856,AC,ACQ3,ACQ3_R_1gitGAckGFvxVz1.png,,
603e398b791c600929143195,AC,ACQ3,ACQ3_R_2P6BVh2rwjiG2Pr.png,,
61561c859a3024c925ed6577,AC,ACQ3,ACQ3_R_2usVboBLenuLnIr.png,,
615bc2bfcbb7dff35fb83eb1,AC,ACQ3,ACQ3_R_2w68oupieN79OPu.png,,
5ee8b6dbac5fa1054ebd60a7,AC,ACQ3,ACQ3_R_3R2ywNijZYm0HN9.png,,
60fcd2ade28cc412d542108c,AC,ACQ3,ACQ3_R_3iKFSnDQzUcHnGw.png,,
5f316280965ec564c886f978,AC,ACQ3,ACQ3_R_3qQAR2xQT3uOAcQ.png,,
5f35ea51f0cfd606d35d01e5,AC,ACQ3,ACQ3_R_AvUNtbl4FEhPC4V.png,,
61561c859a3024c925ed6577,AC,ACQ4,ACQ4_R_2usVboBLenuLnIr.png,,
615e056d45156d8d481b5856,BC,BCQ1,BCQ1_R_1gitGAckGFvxVz1.png,,
5eac66ab9334300f4c37121b,BC,BCQ2,BCQ2_R_125p0k5wFQtWnmC.png,,
5eac66ab9334300f4c37121b,BC,BCQ3,BCQ3_R_125p0k5wFQtWnmC.png,,
5ff265688f62107122f931f2,BC,BCQ3,BCQ3_R_2D5YAMq3VkXpyDp.png,,
60ff5cd9725a43dbd1e92606,BC,BCQ3,BCQ3_R_2bNsTno1yj3hH8l.png,,
6093672d6d0cab92f5319597,BC,BCQ3,BCQ3_R_2bOjR2UgzwnE4iW.png,,
612e780e6c97ea0e89274e66,BC,BCQ3,BCQ3_R_At8yObFnJLQmis1.png,,
60ff5cd9725a43dbd1e92606,BC,BCQ4,BCQ4_R_2bNsTno1yj3hH8l.png,,
5fbfb99036e420313c504a36,BuC,BuCQ1,BuCQ1_R_2f10eiWLe7fmb3e.png,,
60920010e7bfd828a698e5dd,BuC,BuCQ1,BuCQ1_R_3EYAhp0tk4bpxVP.png,,
5eac66ab9334300f4c37121b,BuC,BuCQ2,BuCQ2_R_125p0k5wFQtWnmC.png,,
60475f1790672f23136c2cc4,BuC,BuCQ2,BuCQ2_R_24c2iTFTV6Vstnq.png,,
5edb46d311c02e7bc763c4d2,BuC,BuCQ2,BuCQ2_R_2CHgwbb2ch9ytPK.png,,
5ff265688f62107122f931f2,BuC,BuCQ2,BuCQ2_R_2D5YAMq3VkXpyDp.png,,
5fbfb99036e420313c504a36,BuC,BuCQ2,BuCQ2_R_2f10eiWLe7fmb3e.png,,
61577fbbc195adfb13f6c45f,BuC,BuCQ2,BuCQ2_R_2zkezmGGeaFmBAX.png,,
5ee942381a22491bbb7170f8,BuC,BuCQ2,BuCQ2_R_31ithWUoUPqbdpq.png,,
60b3f53a252916ee202539f5,BuC,BuCQ2,BuCQ2_R_3GjoZDkUfL4duh6.png,,
612e780e6c97ea0e89274e66,BuC,BuCQ2,BuCQ2_R_At8yObFnJLQmis1.png,,
5e84fe873e0ebd0d3b103df2,BuC,BuCQ2,BuCQ2_R_R2L73Yf0TSvr2yB.png,,
615ef30bdf0762beb8b39c54,BuC,BuCQ2,BuCQ2_R_V3ghYhQJGQ3kaCl.png,,
615da9ee365ab7d547b98979,BuC,BuCQ3,BuCQ3_R_115SuwIUREqf0Yy.png,,
5eac66ab9334300f4c37121b,BuC,BuCQ3,BuCQ3_R_125p0k5wFQtWnmC.png,,
5d49d17b3dad1f0001e2aba1,BuC,BuCQ3,BuCQ3_R_1GQf7eWuemqVM4t.png,,
60a53519043904037bac8c91,BuC,BuCQ3,BuCQ3_R_1KjYt3cnk5eUjon.png,,
5a5a59afacc75b00017a4ee0,BuC,BuCQ3,BuCQ3_R_1gvTaKPJaqotQzK.png,,
60475f1790672f23136c2cc4,BuC,BuCQ3,BuCQ3_R_24c2iTFTV6Vstnq.png,,
5edb46d311c02e7bc763c4d2,BuC,BuCQ3,BuCQ3_R_2CHgwbb2ch9ytPK.png,,
5ff265688f62107122f931f2,BuC,BuCQ3,BuCQ3_R_2D5YAMq3VkXpyDp.png,,
60ff5cd9725a43dbd1e92606,BuC,BuCQ3,BuCQ3_R_2bNsTno1yj3hH8l.png,,
5fbfb99036e420313c504a36,BuC,BuCQ3,BuCQ3_R_2f10eiWLe7fmb3e.png,,
61577fbbc195adfb13f6c45f,BuC,BuCQ3,BuCQ3_R_2zkezmGGeaFmBAX.png,,
5ee942381a22491bbb7170f8,BuC,BuCQ3,BuCQ3_R_31ithWUoUPqbdpq.png,,
60920010e7bfd828a698e5dd,BuC,BuCQ3,BuCQ3_R_3EYAhp0tk4bpxVP.png,,
60b3f53a252916ee202539f5,BuC,BuCQ3,BuCQ3_R_3GjoZDkUfL4duh6.png,,
637fff88773a62435c2f4fc5,BuC,BuCQ3,BuCQ3_R_3sndm1oH6W4jInK.png,,
5e967287118edf0fd9824bc2,BuC,BuCQ3,BuCQ3_R_ANzKEz8JAytFBcZ.png,,
612e780e6c97ea0e89274e66,BuC,BuCQ3,BuCQ3_R_At8yObFnJLQmis1.png,,
5e84fe873e0ebd0d3b103df2,BuC,BuCQ3,BuCQ3_R_R2L73Yf0TSvr2yB.png,,
615ef30bdf0762beb8b39c54,BuC,BuCQ3,BuCQ3_R_V3ghYhQJGQ3kaCl.png,,
61251289e008d8834d1cbdb8,BuC,BuCQ3,BuCQ3_R_xtGcb9wwzMVRkzf.png,,
615da9ee365ab7d547b98979,BuC,BuCQ4,BuCQ4_R_115SuwIUREqf0Yy.png,,
5eac66ab9334300f4c37121b,BuC,BuCQ4,BuCQ4_R_125p0k5wFQtWnmC.png,,
5d49d17b3dad1f0001e2aba1,BuC,BuCQ4,BuCQ4_R_1GQf7eWuemqVM4t.png,,
60a53519043904037bac8c91,BuC,BuCQ4,BuCQ4_R_1KjYt3cnk5eUjon.png,,
5a5a59afacc75b00017a4ee0,BuC,BuCQ4,BuCQ4_R_1gvTaKPJaqotQzK.png,,
60475f1790672f23136c2cc4,BuC,BuCQ4,BuCQ4_R_24c2iTFTV6Vstnq.png,,
5edb46d311c02e7bc763c4d2,BuC,BuCQ4,BuCQ4_R_2CHgwbb2ch9ytPK.png,,
5ff265688f62107122f931f2,BuC,BuCQ4,BuCQ4_R_2D5YAMq3VkXpyDp.png,,
60ff5cd9725a43dbd1e92606,BuC,BuCQ4,BuCQ4_R_2bNsTno1yj3hH8l.png,,
5fbfb99036e420313c504a36,BuC,BuCQ4,BuCQ4_R_2f10eiWLe7fmb3e.png,,
61577fbbc195adfb13f6c45f,BuC,BuCQ4,BuCQ4_R_2zkezmGGeaFmBAX.png,,
5ee942381a22491bbb7170f8,BuC,BuCQ4,BuCQ4_R_31ithWUoUPqbdpq.png,,
60920010e7bfd828a698e5dd,BuC,BuCQ4,BuCQ4_R_3EYAhp0tk4bpxVP.png,,
60b3f53a252916ee202539f5,BuC,BuCQ4,BuCQ4_R_3GjoZDkUfL4duh6.png,,
637fff88773a62435c2f4fc5,BuC,BuCQ4,BuCQ4_R_3sndm1oH6W4jInK.png,,
5e967287118edf0fd9824bc2,BuC,BuCQ4,BuCQ4_R_ANzKEz8JAytFBcZ.png,,
612e780e6c97ea0e89274e66,BuC,BuCQ4,BuCQ4_R_At8yObFnJLQmis1.png,,
5e84fe873e0ebd0d3b103df2,BuC,BuCQ4,BuCQ4_R_R2L73Yf0TSvr2yB.png,,
615ef30bdf0762beb8b39c54,BuC,BuCQ4,BuCQ4_R_V3ghYhQJGQ3kaCl.png,,
61251289e008d8834d1cbdb8,BuC,BuCQ4,BuCQ4_R_xtGcb9wwzMVRkzf.png,,
615da9ee365ab7d547b98979,BuC,BuCQ5,BuCQ5_R_115SuwIUREqf0Yy.png,,
5eac66ab9334300f4c37121b,BuC,BuCQ5,BuCQ5_R_125p0k5wFQtWnmC.png,,
5d49d17b3dad1f0001e2aba1,BuC,BuCQ5,BuCQ5_R_1GQf7eWuemqVM4t.png,,
60a53519043904037bac8c91,BuC,BuCQ5,BuCQ5_R_1KjYt3cnk5eUjon.png,,
5a5a59afacc75b00017a4ee0,BuC,BuCQ5,BuCQ5_R_1gvTaKPJaqotQzK.png,,
60475f1790672f23136c2cc4,BuC,BuCQ5,BuCQ5_R_24c2iTFTV6Vstnq.png,,
5edb46d311c02e7bc763c4d2,BuC,BuCQ5,BuCQ5_R_2CHgwbb2ch9ytPK.png,,
5ff265688f62107122f931f2,BuC,BuCQ5,BuCQ5_R_2D5YAMq3VkXpyDp.png,,
60ff5cd9725a43dbd1e92606,BuC,BuCQ5,BuCQ5_R_2bNsTno1yj3hH8l.png,,
5fbfb99036e420313c504a36,BuC,BuCQ5,BuCQ5_R_2f10eiWLe7fmb3e.png,,
61577fbbc195adfb13f6c45f,BuC,BuCQ5,BuCQ5_R_2zkezmGGeaFmBAX.png,,
5ee942381a22491bbb7170f8,BuC,BuCQ5,BuCQ5_R_31ithWUoUPqbdpq.png,,
60920010e7bfd828a698e5dd,BuC,BuCQ5,BuCQ5_R_3EYAhp0tk4bpxVP.png,,
60b3f53a252916ee202539f5,BuC,BuCQ5,BuCQ5_R_3GjoZDkUfL4duh6.png,,
637fff88773a62435c2f4fc5,BuC,BuCQ5,BuCQ5_R_3sndm1oH6W4jInK.png,,
5e967287118edf0fd9824bc2,BuC,BuCQ5,BuCQ5_R_ANzKEz8JAytFBcZ.png,,
612e780e6c97ea0e89274e66,BuC,BuCQ5,BuCQ5_R_At8yObFnJLQmis1.png,,
5e84fe873e0ebd0d3b103df2,BuC,BuCQ5,BuCQ5_R_R2L73Yf0TSvr2yB.png,,
615ef30bdf0762beb8b39c54,BuC,BuCQ5,BuCQ5_R_V3ghYhQJGQ3kaCl.png,,
61251289e008d8834d1cbdb8,BuC,BuCQ5,BuCQ5_R_xtGcb9wwzMVRkzf.png,,
612e780e6c97ea0e89274e66,BuC,BuCQ6,BuCQ6_R_At8yObFnJLQmis1.png,,
5eac66ab9334300f4c37121b,CC,CCQ2,CCQ2_R_125p0k5wFQtWnmC.png,,
5d49d17b3dad1f0001e2aba1,CC,CCQ2,CCQ2_R_1GQf7eWuemqVM4t.png,,
615e056d45156d8d481b5856,CC,CCQ2,CCQ2_R_1gitGAckGFvxVz1.png,,
5eac66ab9334300f4c37121b,CC,CCQ3,CCQ3_R_125p0k5wFQtWnmC.png,,
5c534e802a52960001fe264f,CC,CCQ3,CCQ3_R_1BXXwYyGONDsGl1.png,,
5d410f4d037fb000173a2832,CC,CCQ3,CCQ3_R_1FLF4ntDhpUX2CY.png,,
5d49d17b3dad1f0001e2aba1,CC,CCQ3,CCQ3_R_1GQf7eWuemqVM4t.png,,
615e056d45156d8d481b5856,CC,CCQ3,CCQ3_R_1gitGAckGFvxVz1.png,,
608366b0849bd619b8403de8,CC,CCQ3,CCQ3_R_1rB4ynfrNUhwX83.png,,
6091c8c45595f158e17f0a0e,CC,CCQ3,CCQ3_R_20PwNOrPUNTnKgo.png,,
60475f1790672f23136c2cc4,CC,CCQ3,CCQ3_R_24c2iTFTV6Vstnq.png,,
60ff5cd9725a43dbd1e92606,CC,CCQ3,CCQ3_R_2bNsTno1yj3hH8l.png,,
613b7cf2f368095595aa6ef2,CC,CCQ3,CCQ3_R_2tG8SYcIBgA5kDO.png,,
61561c859a3024c925ed6577,CC,CCQ3,CCQ3_R_2usVboBLenuLnIr.png,,
5e8a0912524dca6ad71ecb86,CC,CCQ3,CCQ3_R_2vibkPXKuGIL5X3.png,,
5ee942381a22491bbb7170f8,CC,CCQ3,CCQ3_R_31ithWUoUPqbdpq.png,,
60fcd2ade28cc412d542108c,CC,CCQ3,CCQ3_R_3iKFSnDQzUcHnGw.png,,
6492fd86ee1c49dd5b81f5d1,CC,CCQ3,CCQ3_R_3s6RslBqsPZaa1W.png,,
5efc7c87ae067d024d35278b,CC,CCQ3,CCQ3_R_9Sm7aYcqyZMSAYV.png,,
612e780e6c97ea0e89274e66,CC,CCQ3,CCQ3_R_At8yObFnJLQmis1.png,,
6126d91f511f195f9a4cc4d0,CC,CCQ3,CCQ3_R_AuQN0TuH6dR20bT.png,,
615ef30bdf0762beb8b39c54,CC,CCQ3,CCQ3_R_V3ghYhQJGQ3kaCl.png,,
6035df9a667e939fb20a44ac,CC,CCQ3,CCQ3_R_cZmP0ehwZK7h5oR.png,,
5f316280965ec564c886f978,HC2,HC2Q1,HC2Q1_R_3qQAR2xQT3uOAcQ.png,,
5f35ea51f0cfd606d35d01e5,HC2,HC2Q1,HC2Q1_R_AvUNtbl4FEhPC4V.png,,
615da9ee365ab7d547b98979,HC2,HC2Q2,HC2Q2_R_115SuwIUREqf0Yy.png,,
6170c9123edfc3ee296cda22,HC2,HC2Q2,HC2Q2_R_11b7HTQca4PVNK4.png,,
6160ccb0810a73f90ef4c5e7,HC2,HC2Q2,HC2Q2_R_1rdMpxhaWQssQbz.png,,
5f95155d7ae37e0009ed42ac,HC2,HC2Q2,HC2Q2_R_2PoEpODhT9h1C2w.png,,
60b3f53a252916ee202539f5,HC2,HC2Q2,HC2Q2_R_3GjoZDkUfL4duh6.png,,
5f316280965ec564c886f978,HC2,HC2Q2,HC2Q2_R_3qQAR2xQT3uOAcQ.png,,
6492fd86ee1c49dd5b81f5d1,HC2,HC2Q2,HC2Q2_R_3s6RslBqsPZaa1W.png,,
5f35ea51f0cfd606d35d01e5,HC2,HC2Q2,HC2Q2_R_AvUNtbl4FEhPC4V.png,,
5e84fe873e0ebd0d3b103df2,HC2,HC2Q2,HC2Q2_R_R2L73Yf0TSvr2yB.png,,
5ddf1fb32c5c10e8e9ee910d,HC2,HC2Q2,HC2Q2_R_qJwFsE5EsoC1NyF.png,,
5bc6299e8b25de0001d909f8,HC,HCQ1,HCQ1_R_1ITtk1RmtJnFbjO.png,,
614773b5dbd4c3cabeb14c29,HC,HCQ1,HCQ1_R_3DknBDBm69beuPA.png,,
5fb9adb28a52968d9f561808,HC,HCQ1,HCQ1_R_3p6j1NkC0whKYRn.png,,
61251289e008d8834d1cbdb8,HC,HCQ1,HCQ1_R_xtGcb9wwzMVRkzf.png,,
5bc6299e8b25de0001d909f8,HC,HCQ2,HCQ2_R_1ITtk1RmtJnFbjO.png,,
5d4311a255087c0017627c63,HC,HCQ2,HCQ2_R_1LutXCiUgsEJ9Mp.png,,
5a5a59afacc75b00017a4ee0,HC,HCQ2,HCQ2_R_1gvTaKPJaqotQzK.png,,
603e398b791c600929143195,HC,HCQ2,HCQ2_R_2P6BVh2rwjiG2Pr.png,,
5fbfb99036e420313c504a36,HC,HCQ2,HCQ2_R_2f10eiWLe7fmb3e.png,,
614773b5dbd4c3cabeb14c29,HC,HCQ2,HCQ2_R_3DknBDBm69beuPA.png,,
5fb9adb28a52968d9f561808,HC,HCQ2,HCQ2_R_3p6j1NkC0whKYRn.png,,
637fff88773a62435c2f4fc5,HC,HCQ2,HCQ2_R_3sndm1oH6W4jInK.png,,
64e369beb2e16553eb33edb1,HC,HCQ2,HCQ2_R_RV6jfGEAObaHFmx.png,,
61251289e008d8834d1cbdb8,HC,HCQ2,HCQ2_R_xtGcb9wwzMVRkzf.png,,
603e398b791c600929143195,HC,HCQ3,HCQ3_R_2P6BVh2rwjiG2Pr.png,,
64b66e8ca33d7cca9ba39ba3,LC,LCQ1,LCQ1_R_1eQS7L6A4R0sg08.png,,
6091c8c45595f158e17f0a0e,LC,LCQ1,LCQ1_R_20PwNOrPUNTnKgo.png,,
60475f1790672f23136c2cc4,LC,LCQ1,LCQ1_R_24c2iTFTV6Vstnq.png,,
64b66e8ca33d7cca9ba39ba3,LC,LCQ2,LCQ2_R_1eQS7L6A4R0sg08.png,,
6091c8c45595f158e17f0a0e,LC,LCQ3,LCQ3_R_20PwNOrPUNTnKgo.png,,
60475f1790672f23136c2cc4,LC,LCQ3,LCQ3_R_24c2iTFTV6Vstnq.png,,
613b7cf2f368095595aa6ef2,LC,LCQ3,LCQ3_R_2tG8SYcIBgA5kDO.png,,
6091c8c45595f158e17f0a0e,LC,LCQ4,LCQ4_R_20PwNOrPUNTnKgo.png,,
613b7cf2f368095595aa6ef2,LC,LCQ4,LCQ4_R_2tG8SYcIBgA5kDO.png,,
64b66e8ca33d7cca9ba39ba3,LC,LCQ5,LCQ5_R_1eQS7L6A4R0sg08.png,,
6091c8c45595f158e17f0a0e,LC,LCQ5,LCQ5_R_20PwNOrPUNTnKgo.png,,
614215e5a85111f66a9abbfc,LC,LCQ5,LCQ5_R_22ugR9r6iedkFb6.png,,
613b7cf2f368095595aa6ef2,LC,LCQ5,LCQ5_R_2tG8SYcIBgA5kDO.png,,
5f245764a137ac00089e6c7d,PC,PCQ2,PCQ2_R_10IUfHqj7N8hVUi.png,,
615da9ee365ab7d547b98979,PC,PCQ2,PCQ2_R_115SuwIUREqf0Yy.png,,
6170c9123edfc3ee296cda22,PC,PCQ2,PCQ2_R_11b7HTQca4PVNK4.png,,
60a53519043904037bac8c91,PC,PCQ2,PCQ2_R_1KjYt3cnk5eUjon.png,,
5a5a59afacc75b00017a4ee0,PC,PCQ2,PCQ2_R_1gvTaKPJaqotQzK.png,,
6091c8c45595f158e17f0a0e,PC,PCQ2,PCQ2_R_20PwNOrPUNTnKgo.png,,
615d3a160645989797ca0779,PC,PCQ2,PCQ2_R_25zqm66mLl5FH30.png,,
5edb46d311c02e7bc763c4d2,PC,PCQ2,PCQ2_R_2CHgwbb2ch9ytPK.png,,
5cba4c057fed33000174a2e7,PC,PCQ2,PCQ2_R_2TzXM7qqHGS0nnj.png,,
61411485c83a92e61d0a5938,PC,PCQ2,PCQ2_R_2YeV3Pg9H2Pwsa6.png,,
6093672d6d0cab92f5319597,PC,PCQ2,PCQ2_R_2bOjR2UgzwnE4iW.png,,
61577fbbc195adfb13f6c45f,PC,PCQ2,PCQ2_R_2zkezmGGeaFmBAX.png,,
5ee942381a22491bbb7170f8,PC,PCQ2,PCQ2_R_31ithWUoUPqbdpq.png,,
614773b5dbd4c3cabeb14c29,PC,PCQ2,PCQ2_R_3DknBDBm69beuPA.png,,
60920010e7bfd828a698e5dd,PC,PCQ2,PCQ2_R_3EYAhp0tk4bpxVP.png,,
5ee8b6dbac5fa1054ebd60a7,PC,PCQ2,PCQ2_R_3R2ywNijZYm0HN9.png,,
5fb9adb28a52968d9f561808,PC,PCQ2,PCQ2_R_3p6j1NkC0whKYRn.png,,
637fff88773a62435c2f4fc5,PC,PCQ2,PCQ2_R_3sndm1oH6W4jInK.png,,
5efc7c87ae067d024d35278b,PC,PCQ2,PCQ2_R_9Sm7aYcqyZMSAYV.png,,
61251289e008d8834d1cbdb8,PC,PCQ2,PCQ2_R_xtGcb9wwzMVRkzf.png,,
5eac66ab9334300f4c37121b,SA,SAQ1,SAQ1_R_125p0k5wFQtWnmC.png,,
5d410f4d037fb000173a2832,SA,SAQ1,SAQ1_R_1FLF4ntDhpUX2CY.png,,
5bc6299e8b25de0001d909f8,SA,SAQ1,SAQ1_R_1ITtk1RmtJnFbjO.png,,
5d4311a255087c0017627c63,SA,SAQ1,SAQ1_R_1LutXCiUgsEJ9Mp.png,,
615b1496a4b98fd09e865473,SA,SAQ1,SAQ1_R_1MMsujf3vRiktQ7.png,,
615e056d45156d8d481b5856,SA,SAQ1,SAQ1_R_1gitGAckGFvxVz1.png,,
608366b0849bd619b8403de8,SA,SAQ1,SAQ1_R_1rB4ynfrNUhwX83.png,,
614215e5a85111f66a9abbfc,SA,SAQ1,SAQ1_R_22ugR9r6iedkFb6.png,,
5ff265688f62107122f931f2,SA,SAQ1,SAQ1_R_2D5YAMq3VkXpyDp.png,,
61411485c83a92e61d0a5938,SA,SAQ1,SAQ1_R_2YeV3Pg9H2Pwsa6.png,,
5fbfb99036e420313c504a36,SA,SAQ1,SAQ1_R_2f10eiWLe7fmb3e.png,,
613b7cf2f368095595aa6ef2,SA,SAQ1,SAQ1_R_2tG8SYcIBgA5kDO.png,,
5ee942381a22491bbb7170f8,SA,SAQ1,SAQ1_R_31ithWUoUPqbdpq.png,,
614773b5dbd4c3cabeb14c29,SA,SAQ1,SAQ1_R_3DknBDBm69beuPA.png,,
60fcd2ade28cc412d542108c,SA,SAQ1,SAQ1_R_3iKFSnDQzUcHnGw.png,,
5fb9adb28a52968d9f561808,SA,SAQ1,SAQ1_R_3p6j1NkC0whKYRn.png,,
615ef30bdf0762beb8b39c54,SA,SAQ1,SAQ1_R_V3ghYhQJGQ3kaCl.png,,
5ddf1fb32c5c10e8e9ee910d,SA,SAQ1,SAQ1_R_qJwFsE5EsoC1NyF.png,,
6170c9123edfc3ee296cda22,SA,SAQ2,SAQ2_R_11b7HTQca4PVNK4.png,,
5eac66ab9334300f4c37121b,SA,SAQ2,SAQ2_R_125p0k5wFQtWnmC.png,,
5d410f4d037fb000173a2832,SA,SAQ2,SAQ2_R_1FLF4ntDhpUX2CY.png,,
5bc6299e8b25de0001d909f8,SA,SAQ2,SAQ2_R_1ITtk1RmtJnFbjO.png,,
5d4311a255087c0017627c63,SA,SAQ2,SAQ2_R_1LutXCiUgsEJ9Mp.png,,
615b1496a4b98fd09e865473,SA,SAQ2,SAQ2_R_1MMsujf3vRiktQ7.png,,
615e056d45156d8d481b5856,SA,SAQ2,SAQ2_R_1gitGAckGFvxVz1.png,,
608366b0849bd619b8403de8,SA,SAQ2,SAQ2_R_1rB4ynfrNUhwX83.png,,
614215e5a85111f66a9abbfc,SA,SAQ2,SAQ2_R_22ugR9r6iedkFb6.png,,
5ff265688f62107122f931f2,SA,SAQ2,SAQ2_R_2D5YAMq3VkXpyDp.png,,
61411485c83a92e61d0a5938,SA,SAQ2,SAQ2_R_2YeV3Pg9H2Pwsa6.png,,
5fbfb99036e420313c504a36,SA,SAQ2,SAQ2_R_2f10eiWLe7fmb3e.png,,
613b7cf2f368095595aa6ef2,SA,SAQ2,SAQ2_R_2tG8SYcIBgA5kDO.png,,
5e8a0912524dca6ad71ecb86,SA,SAQ2,SAQ2_R_2vibkPXKuGIL5X3.png,,
5ee942381a22491bbb7170f8,SA,SAQ2,SAQ2_R_31ithWUoUPqbdpq.png,,
614773b5dbd4c3cabeb14c29,SA,SAQ2,SAQ2_R_3DknBDBm69beuPA.png,,
60fcd2ade28cc412d542108c,SA,SAQ2,SAQ2_R_3iKFSnDQzUcHnGw.png,,
5fb9adb28a52968d9f561808,SA,SAQ2,SAQ2_R_3p6j1NkC0whKYRn.png,,
615ef30bdf0762beb8b39c54,SA,SAQ2,SAQ2_R_V3ghYhQJGQ3kaCl.png,,
5ddf1fb32c5c10e8e9ee910d,SA,SAQ2,SAQ2_R_qJwFsE5EsoC1NyF.png,,
61411485c83a92e61d0a5938,SA,SAQ4,SAQ4_R_2YeV3Pg9H2Pwsa6.png,,
6170c9123edfc3ee296cda22,SA,SAQ5,SAQ5_R_11b7HTQca4PVNK4.png,,
5eac66ab9334300f4c37121b,SA,SAQ5,SAQ5_R_125p0k5wFQtWnmC.png,,
5d410f4d037fb000173a2832,SA,SAQ5,SAQ5_R_1FLF4ntDhpUX2CY.png,,
5bc6299e8b25de0001d909f8,SA,SAQ5,SAQ5_R_1ITtk1RmtJnFbjO.png,,
5d4311a255087c0017627c63,SA,SAQ5,SAQ5_R_1LutXCiUgsEJ9Mp.png,,
615b1496a4b98fd09e865473,SA,SAQ5,SAQ5_R_1MMsujf3vRiktQ7.png,,
615e056d45156d8d481b5856,SA,SAQ5,SAQ5_R_1gitGAckGFvxVz1.png,,
608366b0849bd619b8403de8,SA,SAQ5,SAQ5_R_1rB4ynfrNUhwX83.png,,
614215e5a85111f66a9abbfc,SA,SAQ5,SAQ5_R_22ugR9r6iedkFb6.png,,
5ff265688f62107122f931f2,SA,SAQ5,SAQ5_R_2D5YAMq3VkXpyDp.png,,
61411485c83a92e61d0a5938,SA,SAQ5,SAQ5_R_2YeV3Pg9H2Pwsa6.png,,
5fbfb99036e420313c504a36,SA,SAQ5,SAQ5_R_2f10eiWLe7fmb3e.png,,
613b7cf2f368095595aa6ef2,SA,SAQ5,SAQ5_R_2tG8SYcIBgA5kDO.png,,
5e8a0912524dca6ad71ecb86,SA,SAQ5,SAQ5_R_2vibkPXKuGIL5X3.png,,
5ee942381a22491bbb7170f8,SA,SAQ5,SAQ5_R_31ithWUoUPqbdpq.png,,
614773b5dbd4c3cabeb14c29,SA,SAQ5,SAQ5_R_3DknBDBm69beuPA.png,,
60fcd2ade28cc412d542108c,SA,SAQ5,SAQ5_R_3iKFSnDQzUcHnGw.png,,
5fb9adb28a52968d9f561808,SA,SAQ5,SAQ5_R_3p6j1NkC0whKYRn.png,,
615ef30bdf0762beb8b39c54,SA,SAQ5,SAQ5_R_V3ghYhQJGQ3kaCl.png,,
5ddf1fb32c5c10e8e9ee910d,SA,SAQ5,SAQ5_R_qJwFsE5EsoC1NyF.png,,
64b66e8ca33d7cca9ba39ba3,SB100,SB100Q1,SB100Q1_R_1eQS7L6A4R0sg08.png,,
614215e5a85111f66a9abbfc,SB100,SB100Q1,SB100Q1_R_22ugR9r6iedkFb6.png,,
603c375095e0009d96e2d339,SB100,SB100Q1,SB100Q1_R_2ByvzSiHBMGYj50.png,,
5cba4c057fed33000174a2e7,SB100,SB100Q1,SB100Q1_R_2TzXM7qqHGS0nnj.png,,
5f316280965ec564c886f978,SB100,SB100Q1,SB100Q1_R_3qQAR2xQT3uOAcQ.png,,
5fd3ec9a6ef5c510d9429920,SB100,SB100Q2,SB100Q2_R_1GvNIbhHCvtnA2V.png,,
5bc6299e8b25de0001d909f8,SB100,SB100Q2,SB100Q2_R_1ITtk1RmtJnFbjO.png,,
64b66e8ca33d7cca9ba39ba3,SB100,SB100Q2,SB100Q2_R_1eQS7L6A4R0sg08.png,,
5fd3ec9a6ef5c510d9429920,SB100,SB100Q3,SB100Q3_R_1GvNIbhHCvtnA2V.png,,
5bc6299e8b25de0001d909f8,SB100,SB100Q3,SB100Q3_R_1ITtk1RmtJnFbjO.png,,
615b1496a4b98fd09e865473,SB100,SB100Q3,SB100Q3_R_1MMsujf3vRiktQ7.png,,
608366b0849bd619b8403de8,SB100,SB100Q3,SB100Q3_R_1rB4ynfrNUhwX83.png,,
6160ccb0810a73f90ef4c5e7,SB100,SB100Q3,SB100Q3_R_1rdMpxhaWQssQbz.png,,
614215e5a85111f66a9abbfc,SB100,SB100Q3,SB100Q3_R_22ugR9r6iedkFb6.png,,
603c375095e0009d96e2d339,SB100,SB100Q3,SB100Q3_R_2ByvzSiHBMGYj50.png,,
601ad868aa4e413405375e26,SB100,SB100Q3,SB100Q3_R_2fBB45jcgr64tVO.png,,
5e8a0912524dca6ad71ecb86,SB100,SB100Q3,SB100Q3_R_2vibkPXKuGIL5X3.png,,
615bc2bfcbb7dff35fb83eb1,SB100,SB100Q3,SB100Q3_R_2w68oupieN79OPu.png,,
5f316280965ec564c886f978,SB100,SB100Q3,SB100Q3_R_3qQAR2xQT3uOAcQ.png,,
5e967287118edf0fd9824bc2,SB100,SB100Q3,SB100Q3_R_ANzKEz8JAytFBcZ.png,,
5f35ea51f0cfd606d35d01e5,SB100,SB100Q3,SB100Q3_R_AvUNtbl4FEhPC4V.png,,
5c534e802a52960001fe264f,SB,SBQ1,SBQ1_R_1BXXwYyGONDsGl1.png,,
5fd3ec9a6ef5c510d9429920,SB,SBQ1,SBQ1_R_1GvNIbhHCvtnA2V.png,,
60a53519043904037bac8c91,SB,SBQ1,SBQ1_R_1KjYt3cnk5eUjon.png,,
64b66e8ca33d7cca9ba39ba3,SB,SBQ1,SBQ1_R_1eQS7L6A4R0sg08.png,,
6091c8c45595f158e17f0a0e,SB,SBQ1,SBQ1_R_20PwNOrPUNTnKgo.png,,
603c375095e0009d96e2d339,SB,SBQ1,SBQ1_R_2ByvzSiHBMGYj50.png,,
60ff5cd9725a43dbd1e92606,SB,SBQ1,SBQ1_R_2bNsTno1yj3hH8l.png,,
61561c859a3024c925ed6577,SB,SBQ1,SBQ1_R_2usVboBLenuLnIr.png,,
5ee8b6dbac5fa1054ebd60a7,SB,SBQ1,SBQ1_R_3R2ywNijZYm0HN9.png,,
612e780e6c97ea0e89274e66,SB,SBQ1,SBQ1_R_At8yObFnJLQmis1.png,,
5f245764a137ac00089e6c7d,SB,SBQ2,SBQ2_R_10IUfHqj7N8hVUi.png,,
5c534e802a52960001fe264f,SB,SBQ2,SBQ2_R_1BXXwYyGONDsGl1.png,,
5fd3ec9a6ef5c510d9429920,SB,SBQ2,SBQ2_R_1GvNIbhHCvtnA2V.png,,
60a53519043904037bac8c91,SB,SBQ2,SBQ2_R_1KjYt3cnk5eUjon.png,,
5d4311a255087c0017627c63,SB,SBQ2,SBQ2_R_1LutXCiUgsEJ9Mp.png,,
64b66e8ca33d7cca9ba39ba3,SB,SBQ2,SBQ2_R_1eQS7L6A4R0sg08.png,,
6091c8c45595f158e17f0a0e,SB,SBQ2,SBQ2_R_20PwNOrPUNTnKgo.png,,
615d3a160645989797ca0779,SB,SBQ2,SBQ2_R_25zqm66mLl5FH30.png,,
603c375095e0009d96e2d339,SB,SBQ2,SBQ2_R_2ByvzSiHBMGYj50.png,,
5edb46d311c02e7bc763c4d2,SB,SBQ2,SBQ2_R_2CHgwbb2ch9ytPK.png,,
603e398b791c600929143195,SB,SBQ2,SBQ2_R_2P6BVh2rwjiG2Pr.png,,
5cba4c057fed33000174a2e7,SB,SBQ2,SBQ2_R_2TzXM7qqHGS0nnj.png,,
60ff5cd9725a43dbd1e92606,SB,SBQ2,SBQ2_R_2bNsTno1yj3hH8l.png,,
601ad868aa4e413405375e26,SB,SBQ2,SBQ2_R_2fBB45jcgr64tVO.png,,
61561c859a3024c925ed6577,SB,SBQ2,SBQ2_R_2usVboBLenuLnIr.png,,
61577fbbc195adfb13f6c45f,SB,SBQ2,SBQ2_R_2zkezmGGeaFmBAX.png,,
5ee8b6dbac5fa1054ebd60a7,SB,SBQ2,SBQ2_R_3R2ywNijZYm0HN9.png,,
5efc7c87ae067d024d35278b,SB,SBQ2,SBQ2_R_9Sm7aYcqyZMSAYV.png,,
612e780e6c97ea0e89274e66,SB,SBQ2,SBQ2_R_At8yObFnJLQmis1.png,,
6126d91f511f195f9a4cc4d0,SB,SBQ2,SBQ2_R_AuQN0TuH6dR20bT.png,,
5f245764a137ac00089e6c7d,SB,SBQ3,SBQ3_R_10IUfHqj7N8hVUi.png,,
5c534e802a52960001fe264f,SB,SBQ3,SBQ3_R_1BXXwYyGONDsGl1.png,,
5fd3ec9a6ef5c510d9429920,SB,SBQ3,SBQ3_R_1GvNIbhHCvtnA2V.png,,
60a53519043904037bac8c91,SB,SBQ3,SBQ3_R_1KjYt3cnk5eUjon.png,,
5d4311a255087c0017627c63,SB,SBQ3,SBQ3_R_1LutXCiUgsEJ9Mp.png,,
64b66e8ca33d7cca9ba39ba3,SB,SBQ3,SBQ3_R_1eQS7L6A4R0sg08.png,,
6091c8c45595f158e17f0a0e,SB,SBQ3,SBQ3_R_20PwNOrPUNTnKgo.png,,
615d3a160645989797ca0779,SB,SBQ3,SBQ3_R_25zqm66mLl5FH30.png,,
603c375095e0009d96e2d339,SB,SBQ3,SBQ3_R_2ByvzSiHBMGYj50.png,,
5edb46d311c02e7bc763c4d2,SB,SBQ3,SBQ3_R_2CHgwbb2ch9ytPK.png,,
603e398b791c600929143195,SB,SBQ3,SBQ3_R_2P6BVh2rwjiG2Pr.png,,
5cba4c057fed33000174a2e7,SB,SBQ3,SBQ3_R_2TzXM7qqHGS0nnj.png,,
60ff5cd9725a43dbd1e92606,SB,SBQ3,SBQ3_R_2bNsTno1yj3hH8l.png,,
601ad868aa4e413405375e26,SB,SBQ3,SBQ3_R_2fBB45jcgr64tVO.png,,
61561c859a3024c925ed6577,SB,SBQ3,SBQ3_R_2usVboBLenuLnIr.png,,
61577fbbc195adfb13f6c45f,SB,SBQ3,SBQ3_R_2zkezmGGeaFmBAX.png,,
5ee8b6dbac5fa1054ebd60a7,SB,SBQ3,SBQ3_R_3R2ywNijZYm0HN9.png,,
5efc7c87ae067d024d35278b,SB,SBQ3,SBQ3_R_9Sm7aYcqyZMSAYV.png,,
612e780e6c97ea0e89274e66,SB,SBQ3,SBQ3_R_At8yObFnJLQmis1.png,,
6126d91f511f195f9a4cc4d0,SB,SBQ3,SBQ3_R_AuQN0TuH6dR20bT.png,,
5f245764a137ac00089e6c7d,SB,SBQ4,SBQ4_R_10IUfHqj7N8hVUi.png,,
5c534e802a52960001fe264f,SB,SBQ4,SBQ4_R_1BXXwYyGONDsGl1.png,,
5fd3ec9a6ef5c510d9429920,SB,SBQ4,SBQ4_R_1GvNIbhHCvtnA2V.png,,
60a53519043904037bac8c91,SB,SBQ4,SBQ4_R_1KjYt3cnk5eUjon.png,,
5d4311a255087c0017627c63,SB,SBQ4,SBQ4_R_1LutXCiUgsEJ9Mp.png,,
64b66e8ca33d7cca9ba39ba3,SB,SBQ4,SBQ4_R_1eQS7L6A4R0sg08.png,,
6091c8c45595f158e17f0a0e,SB,SBQ4,SBQ4_R_20PwNOrPUNTnKgo.png,,
615d3a160645989797ca0779,SB,SBQ4,SBQ4_R_25zqm66mLl5FH30.png,,
603c375095e0009d96e2d339,SB,SBQ4,SBQ4_R_2ByvzSiHBMGYj50.png,,
5edb46d311c02e7bc763c4d2,SB,SBQ4,SBQ4_R_2CHgwbb2ch9ytPK.png,,
603e398b791c600929143195,SB,SBQ4,SBQ4_R_2P6BVh2rwjiG2Pr.png,,
5cba4c057fed33000174a2e7,SB,SBQ4,SBQ4_R_2TzXM7qqHGS0nnj.png,,
60ff5cd9725a43dbd1e92606,SB,SBQ4,SBQ4_R_2bNsTno1yj3hH8l.png,,
601ad868aa4e413405375e26,SB,SBQ4,SBQ4_R_2fBB45jcgr64tVO.png,,
61561c859a3024c925ed6577,SB,SBQ4,SBQ4_R_2usVboBLenuLnIr.png,,
61577fbbc195adfb13f6c45f,SB,SBQ4,SBQ4_R_2zkezmGGeaFmBAX.png,,
5ee8b6dbac5fa1054ebd60a7,SB,SBQ4,SBQ4_R_3R2ywNijZYm0HN9.png,,
5efc7c87ae067d024d35278b,SB,SBQ4,SBQ4_R_9Sm7aYcqyZMSAYV.png,,
612e780e6c97ea0e89274e66,SB,SBQ4,SBQ4_R_At8yObFnJLQmis1.png,,
6126d91f511f195f9a4cc4d0,SB,SBQ4,SBQ4_R_AuQN0TuH6dR20bT.png,,
5c534e802a52960001fe264f,SB,SBQ5,SBQ5_R_1BXXwYyGONDsGl1.png,,
5fd3ec9a6ef5c510d9429920,SB,SBQ5,SBQ5_R_1GvNIbhHCvtnA2V.png,,
60a53519043904037bac8c91,SB,SBQ5,SBQ5_R_1KjYt3cnk5eUjon.png,,
64b66e8ca33d7cca9ba39ba3,SB,SBQ5,SBQ5_R_1eQS7L6A4R0sg08.png,,
603c375095e0009d96e2d339,SB,SBQ5,SBQ5_R_2ByvzSiHBMGYj50.png,,
5edb46d311c02e7bc763c4d2,SB,SBQ5,SBQ5_R_2CHgwbb2ch9ytPK.png,,
60ff5cd9725a43dbd1e92606,SB,SBQ5,SBQ5_R_2bNsTno1yj3hH8l.png,,
61561c859a3024c925ed6577,SB,SBQ5,SBQ5_R_2usVboBLenuLnIr.png,,
5efc7c87ae067d024d35278b,SB,SBQ5,SBQ5_R_9Sm7aYcqyZMSAYV.png,,
612e780e6c97ea0e89274e66,SB,SBQ5,SBQ5_R_At8yObFnJLQmis1.png,,
6126d91f511f195f9a4cc4d0,SB,SBQ5,SBQ5_R_AuQN0TuH6dR20bT.png,,
5f245764a137ac00089e6c7d,SP,SPQ2,SPQ2_R_10IUfHqj7N8hVUi.png,,
5d410f4d037fb000173a2832,SP,SPQ2,SPQ2_R_1FLF4ntDhpUX2CY.png,,
6093672d6d0cab92f5319597,SP,SPQ2,SPQ2_R_2bOjR2UgzwnE4iW.png,,
61251289e008d8834d1cbdb8,SP,SPQ2,SPQ2_R_xtGcb9wwzMVRkzf.png,,
5d49d17b3dad1f0001e2aba1,SP,SPQ3,SPQ3_R_1GQf7eWuemqVM4t.png,,
615b1496a4b98fd09e865473,SP,SPQ3,SPQ3_R_1MMsujf3vRiktQ7.png,,
603c375095e0009d96e2d339,SP,SPQ3,SPQ3_R_2ByvzSiHBMGYj50.png,,
6093672d6d0cab92f5319597,SP,SPQ3,SPQ3_R_2bOjR2UgzwnE4iW.png,,
60920010e7bfd828a698e5dd,SP,SPQ3,SPQ3_R_3EYAhp0tk4bpxVP.png,,
5f316280965ec564c886f978,SP,SPQ3,SPQ3_R_3qQAR2xQT3uOAcQ.png,,
5f245764a137ac00089e6c7d,SP,SPQ4,SPQ4_R_10IUfHqj7N8hVUi.png,,
5e3352b4334b2131feaf8dbb,SP,SPQ4,SPQ4_R_1CdnC13t24FNsYT.png,,
5d410f4d037fb000173a2832,SP,SPQ4,SPQ4_R_1FLF4ntDhpUX2CY.png,,
5d49d17b3dad1f0001e2aba1,SP,SPQ4,SPQ4_R_1GQf7eWuemqVM4t.png,,
615b1496a4b98fd09e865473,SP,SPQ4,SPQ4_R_1MMsujf3vRiktQ7.png,,
608366b0849bd619b8403de8,SP,SPQ4,SPQ4_R_1rB4ynfrNUhwX83.png,,
603c375095e0009d96e2d339,SP,SPQ4,SPQ4_R_2ByvzSiHBMGYj50.png,,
5f95155d7ae37e0009ed42ac,SP,SPQ4,SPQ4_R_2PoEpODhT9h1C2w.png,,
6093672d6d0cab92f5319597,SP,SPQ4,SPQ4_R_2bOjR2UgzwnE4iW.png,,
601ad868aa4e413405375e26,SP,SPQ4,SPQ4_R_2fBB45jcgr64tVO.png,,
614773b5dbd4c3cabeb14c29,SP,SPQ4,SPQ4_R_3DknBDBm69beuPA.png,,
60920010e7bfd828a698e5dd,SP,SPQ4,SPQ4_R_3EYAhp0tk4bpxVP.png,,
5fb9adb28a52968d9f561808,SP,SPQ4,SPQ4_R_3p6j1NkC0whKYRn.png,,
5f316280965ec564c886f978,SP,SPQ4,SPQ4_R_3qQAR2xQT3uOAcQ.png,,
6492fd86ee1c49dd5b81f5d1,SP,SPQ4,SPQ4_R_3s6RslBqsPZaa1W.png,,
5e967287118edf0fd9824bc2,SP,SPQ4,SPQ4_R_ANzKEz8JAytFBcZ.png,,
5f35ea51f0cfd606d35d01e5,SP,SPQ4,SPQ4_R_AvUNtbl4FEhPC4V.png,,
5e84fe873e0ebd0d3b103df2,SP,SPQ4,SPQ4_R_R2L73Yf0TSvr2yB.png,,
6035df9a667e939fb20a44ac,SP,SPQ4,SPQ4_R_cZmP0ehwZK7h5oR.png,,
5ddf1fb32c5c10e8e9ee910d,SP,SPQ4,SPQ4_R_qJwFsE5EsoC1NyF.png,,
61251289e008d8834d1cbdb8,SP,SPQ4,SPQ4_R_xtGcb9wwzMVRkzf.png,,
5f245764a137ac00089e6c7d,SP,SPQ5,SPQ5_R_10IUfHqj7N8hVUi.png,,
5e3352b4334b2131feaf8dbb,SP,SPQ5,SPQ5_R_1CdnC13t24FNsYT.png,,
5d410f4d037fb000173a2832,SP,SPQ5,SPQ5_R_1FLF4ntDhpUX2CY.png,,
5d49d17b3dad1f0001e2aba1,SP,SPQ5,SPQ5_R_1GQf7eWuemqVM4t.png,,
615b1496a4b98fd09e865473,SP,SPQ5,SPQ5_R_1MMsujf3vRiktQ7.png,,
608366b0849bd619b8403de8,SP,SPQ5,SPQ5_R_1rB4ynfrNUhwX83.png,,
603c375095e0009d96e2d339,SP,SPQ5,SPQ5_R_2ByvzSiHBMGYj50.png,,
5f95155d7ae37e0009ed42ac,SP,SPQ5,SPQ5_R_2PoEpODhT9h1C2w.png,,
614773b5dbd4c3cabeb14c29,SP,SPQ5,SPQ5_R_3DknBDBm69beuPA.png,,
60920010e7bfd828a698e5dd,SP,SPQ5,SPQ5_R_3EYAhp0tk4bpxVP.png,,
5fb9adb28a52968d9f561808,SP,SPQ5,SPQ5_R_3p6j1NkC0whKYRn.png,,
6492fd86ee1c49dd5b81f5d1,SP,SPQ5,SPQ5_R_3s6RslBqsPZaa1W.png,,
5e967287118edf0fd9824bc2,SP,SPQ5,SPQ5_R_ANzKEz8JAytFBcZ.png,,
6035df9a667e939fb20a44ac,SP,SPQ5,SPQ5_R_cZmP0ehwZK7h5oR.png,,
5ddf1fb32c5c10e8e9ee910d,SP,SPQ5,SPQ5_R_qJwFsE5EsoC1NyF.png,,
5e3352b4334b2131feaf8dbb,SP,SPQ6,SPQ6_R_1CdnC13t24FNsYT.png,,
603c375095e0009d96e2d339,SP,SPQ6,SPQ6_R_2ByvzSiHBMGYj50.png,,
6093672d6d0cab92f5319597,SP,SPQ6,SPQ6_R_2bOjR2UgzwnE4iW.png,,
5fb9adb28a52968d9f561808,SP,SPQ6,SPQ6_R_3p6j1NkC0whKYRn.png,,
5f316280965ec564c886f978,SP,SPQ6,SPQ6_R_3qQAR2xQT3uOAcQ.png,,
5e84fe873e0ebd0d3b103df2,SP,SPQ6,SPQ6_R_R2L73Yf0TSvr2yB.png,,
5ddf1fb32c5c10e8e9ee910d,SP,SPQ6,SPQ6_R_qJwFsE5EsoC1NyF.png,,
61251289e008d8834d1cbdb8,SP,SPQ6,SPQ6_R_xtGcb9wwzMVRkzf.png,,
5d410f4d037fb000173a2832,TM,TMQ1,TMQ1_R_1FLF4ntDhpUX2CY.png,,
5edb46d311c02e7bc763c4d2,TM,TMQ1,TMQ1_R_2CHgwbb2ch9ytPK.png,,
5e84fe873e0ebd0d3b103df2,TM,TMQ1,TMQ1_R_R2L73Yf0TSvr2yB.png,,
5ddf1fb32c5c10e8e9ee910d,TM,TMQ1,TMQ1_R_qJwFsE5EsoC1NyF.png,,
5e3352b4334b2131feaf8dbb,TM,TMQ2,TMQ2_R_1CdnC13t24FNsYT.png,,
5d410f4d037fb000173a2832,TM,TMQ2,TMQ2_R_1FLF4ntDhpUX2CY.png,,
5fd3ec9a6ef5c510d9429920,TM,TMQ2,TMQ2_R_1GvNIbhHCvtnA2V.png,,
5d4311a255087c0017627c63,TM,TMQ2,TMQ2_R_1LutXCiUgsEJ9Mp.png,,
615b1496a4b98fd09e865473,TM,TMQ2,TMQ2_R_1MMsujf3vRiktQ7.png,,
64b66e8ca33d7cca9ba39ba3,TM,TMQ2,TMQ2_R_1eQS7L6A4R0sg08.png,,
60475f1790672f23136c2cc4,TM,TMQ2,TMQ2_R_24c2iTFTV6Vstnq.png,,
5edb46d311c02e7bc763c4d2,TM,TMQ2,TMQ2_R_2CHgwbb2ch9ytPK.png,,
5ff265688f62107122f931f2,TM,TMQ2,TMQ2_R_2D5YAMq3VkXpyDp.png,,
603e398b791c600929143195,TM,TMQ2,TMQ2_R_2P6BVh2rwjiG2Pr.png,,
61411485c83a92e61d0a5938,TM,TMQ2,TMQ2_R_2YeV3Pg9H2Pwsa6.png,,
613b7cf2f368095595aa6ef2,TM,TMQ2,TMQ2_R_2tG8SYcIBgA5kDO.png,,
61577fbbc195adfb13f6c45f,TM,TMQ2,TMQ2_R_2zkezmGGeaFmBAX.png,,
60920010e7bfd828a698e5dd,TM,TMQ2,TMQ2_R_3EYAhp0tk4bpxVP.png,,
60fcd2ade28cc412d542108c,TM,TMQ2,TMQ2_R_3iKFSnDQzUcHnGw.png,,
5a9aa8554eecca0001dd7fdc,TM,TMQ2,TMQ2_R_OJs6n6Rj4VqzTUJ.png,,
5e84fe873e0ebd0d3b103df2,TM,TMQ2,TMQ2_R_R2L73Yf0TSvr2yB.png,,
615ef30bdf0762beb8b39c54,TM,TMQ2,TMQ2_R_V3ghYhQJGQ3kaCl.png,,
6035df9a667e939fb20a44ac,TM,TMQ2,TMQ2_R_cZmP0ehwZK7h5oR.png,,
5ddf1fb32c5c10e8e9ee910d,TM,TMQ2,TMQ2_R_qJwFsE5EsoC1NyF.png,,
