StartDate,EndDate,Status,IPAddress,Progress,Duration (in seconds),Finished,RecordedDate,ResponseId,RecipientLastName,RecipientFirstName,RecipientEmail,ExternalReference,LocationLatitude,LocationLongitude,DistributionChannel,UserLanguage,Consent Question,Consent Timing_First Click,Consent Timing_Last Click,Consent Timing_Page Submit,Consent Timing_Click Count,TQ1 - Trial ,TQ1 - time_First Click,TQ1 - time_Last Click,TQ1 - time_Page Submit,TQ1 - time_Click Count,TQ2 - time_First Click,TQ2 - time_Last Click,TQ2 - time_Page Submit,TQ2 - time_Click Count,TQ3 - Draw Practice_Id,TQ3 - Draw Practice_Name,TQ3 - Draw Practice_Size,TQ3 - Draw Practice_Type,TQ3 - textbox,TQ3 - time_First Click,TQ3 - time_Last Click,TQ3 - time_Page Submit,TQ3 - time_Click Count,TQ4 - time_First Click,TQ4 - time_Last Click,TQ4 - time_Page Submit,TQ4 - time_Click Count,SAQ3,SAQ3 - time_First Click,SAQ3 - time_Last Click,SAQ3 - time_Page Submit,SAQ3 - time_Click Count,SAQ3 - annotate_Id,SAQ3 - annotate_Name,SAQ3 - annotate_Size,SAQ3 - annotate_Type,SAQ3 - textbox,SAQ3 - explain time_First Click,SAQ3 - explain time_Last Click,SAQ3 - explain time_Page Submit,SAQ3 - explain time_Click Count,ACQ4,ACQ4 - time_First Click,ACQ4 - time_Last Click,ACQ4 - time_Page Submit,ACQ4 - time_Click Count,ACQ4 - annotate_Id,ACQ4 - annotate_Name,ACQ4 - annotate_Size,ACQ4 - annotate_Type,ACQ4 - textbox,ACQ4 - explain time_First Click,ACQ4 - explain time_Last Click,ACQ4 - explain time_Page Submit,ACQ4 - explain time_Click Count,PSQ1,PSQ2,PSQ3,PSQ3_3_TEXT,PSQ4,PSQ5,PSQ6,PSQ6_8_TEXT,PSQ7,PS - time_First Click,PS - time_Last Click,PS - time_Page Submit,PS - time_Click Count,Pilot Question,SBQ1,SBQ1 - time_First Click,SBQ1 - time_Last Click,SBQ1 - time_Page Submit,SBQ1 - time_Click Count,SBQ1 - annotate_Id,SBQ1 - annotate_Name,SBQ1 - annotate_Size,SBQ1 - annotate_Type,SBQ1 - textbox,SBQ1 - explain time_First Click,SBQ1 - explain time_Last Click,SBQ1 - explain time_Page Submit,SBQ1 - explain time_Click Count,SBQ2,SBQ2 - time_First Click,SBQ2 - time_Last Click,SBQ2 - time_Page Submit,SBQ2 - time_Click Count,SBQ2 - annotate_Id,SBQ2 - annotate_Name,SBQ2 - annotate_Size,SBQ2 - annotate_Type,SBQ2 - textbox,SBQ2 - explain time_First Click,SBQ2 - explain time_Last Click,SBQ2 - explain time_Page Submit,SBQ2 - explain time_Click Count,SBQ3,SBQ3 - time_First Click,SBQ3 - time_Last Click,SBQ3 - time_Page Submit,SBQ3 - time_Click Count,SBQ3 - annotate_Id,SBQ3 - annotate_Name,SBQ3 - annotate_Size,SBQ3 - annotate_Type,SBQ3 - textbox,SBQ3 - explain time_First Click,SBQ3 - explain time_Last Click,SBQ3 - explain time_Page Submit,SBQ3 - explain time_Click Count,SBQ4,SBQ4 - time_First Click,SBQ4 - time_Last Click,SBQ4 - time_Page Submit,SBQ4 - time_Click Count,SBQ4 - annotate_Id,SBQ4 - annotate_Name,SBQ4 - annotate_Size,SBQ4 - annotate_Type,SBQ4 - textbox,SBQ4 - explain time_First Click,SBQ4 - explain time_Last Click,SBQ4 - explain time_Page Submit,SBQ4 - explain time_Click Count,SBQ5,SBQ5 - time_First Click,SBQ5 - time_Last Click,SBQ5 - time_Page Submit,SBQ5 - time_Click Count,SBQ5 - annotate_Id,SBQ5 - annotate_Name,SBQ5 - annotate_Size,SBQ5 - annotate_Type,SBQ5 - textbox,SBQ5 - explain time_First Click,SBQ5 - explain time_Last Click,SBQ5 - explain time_Page Submit,SBQ5 - explain time_Click Count,SAQ1,SAQ1 - time_First Click,SAQ1 - time_Last Click,SAQ1 - time_Page Submit,SAQ1 - time_Click Count,SAQ1 - annotate_Id,SAQ1 - annotate_Name,SAQ1 - annotate_Size,SAQ1 - annotate_Type,SAQ1 - textbox,SAQ1 - explain time_First Click,SAQ1 - explain time_Last Click,SAQ1 - explain time_Page Submit,SAQ1 - explain time_Click Count,SAQ2,SAQ2 - time_First Click,SAQ2 - time_Last Click,SAQ2 - time_Page Submit,SAQ2 - time_Click Count,SAQ2 - annotate_Id,SAQ2 - annotate_Name,SAQ2 - annotate_Size,SAQ2 - annotate_Type,SAQ2 - textbox,SAQ2 - explain time_First Click,SAQ2 - explain time_Last Click,SAQ2 - explain time_Page Submit,SAQ2 - explain time_Click Count,SAQ4,SAQ4 - time_First Click,SAQ4 - time_Last Click,SAQ4 - time_Page Submit,SAQ4 - time_Click Count,SAQ4 - annotate_Id,SAQ4 - annotate_Name,SAQ4 - annotate_Size,SAQ4 - annotate_Type,SAQ4 - textbox,SQ4 - explain time_First Click,SQ4 - explain time_Last Click,SQ4 - explain time_Page Submit,SQ4 - explain time_Click Count,SAQ5,SAQ5 - time_First Click,SAQ5 - time_Last Click,SAQ5 - time_Page Submit,SAQ5 - time_Click Count,SAQ5 - annotate_Id,SAQ5 - annotate_Name,SAQ5 - annotate_Size,SAQ5 - annotate_Type,SAQ5 - textbox,SAQ5 - explain time_First Click,SAQ5 - explain time_Last Click,SAQ5 - explain time_Page Submit,SAQ5 - explain time_Click Count,SPQ1,SPQ1 - time_First Click,SPQ1 - time_Last Click,SPQ1 - time_Page Submit,SPQ1 - time_Click Count,SPQ1 - annotate_Id,SPQ1 - annotate_Name,SPQ1 - annotate_Size,SPQ1 - annotate_Type,SPQ1 - textbox,SPQ1 - explain time_First Click,SPQ1 - explain time_Last Click,SPQ1 - explain time_Page Submit,SPQ1 - explain time_Click Count,SPQ2,SPQ2 - time_First Click,SPQ2 - time_Last Click,SPQ2 - time_Page Submit,SPQ2 - time_Click Count,SPQ2 - annotate_Id,SPQ2 - annotate_Name,SPQ2 - annotate_Size,SPQ2 - annotate_Type,SPQ2 - textbox,SPQ2 - explain time_First Click,SPQ2 - explain time_Last Click,SPQ2 - explain time_Page Submit,SPQ2 - explain time_Click Count,SPQ3_1,SPQ3_2,SPQ3 - time_First Click,SPQ3 - time_Last Click,SPQ3 - time_Page Submit,SPQ3 - time_Click Count,SPQ3 - annotate_Id,SPQ3 - annotate_Name,SPQ3 - annotate_Size,SPQ3 - annotate_Type,SPQ3 - textbox,SPQ3 - explain time_First Click,SPQ3 - explain time_Last Click,SPQ3 - explain time_Page Submit,SPQ3 - explain time_Click Count,SPQ4,SPQ4 - time_First Click,SPQ4 - time_Last Click,SPQ4 - time_Page Submit,SPQ4 - time_Click Count,SPQ4 - annotate_Id,SPQ4 - annotate_Name,SPQ4 - annotate_Size,SPQ4 - annotate_Type,SPQ4 - textbox,SPQ4 - explain time_First Click,SPQ4 - explain time_Last Click,SPQ4 - explain time_Page Submit,SPQ4 - explain time_Click Count,SPQ5,SPQ5 - time_First Click,SPQ5 - time_Last Click,SPQ5 - time_Page Submit,SPQ5 - time_Click Count,SPQ5 - annotate_Id,SPQ5 - annotate_Name,SPQ5 - annotate_Size,SPQ5 - annotate_Type,SPQ5 - textbox,SPQ5 - explain time_First Click,SPQ5 - explain time_Last Click,SPQ5 - explain time_Page Submit,SPQ5 - explain time_Click Count,SPQ6,SPQ6 - time_First Click,SPQ6 - time_Last Click,SPQ6 - time_Page Submit,SPQ6 - time_Click Count,SPQ6 - annotate_Id,SPQ6 - annotate_Name,SPQ6 - annotate_Size,SPQ6 - annotate_Type,SPQ6 - textbox,SPQ6 - explain time_First Click,SPQ6 - explain time_Last Click,SPQ6 - explain time_Page Submit,SPQ6 - explain time_Click Count,LCQ1,LCQ1 - time_First Click,LCQ1 - time_Last Click,LCQ1 - time_Page Submit,LCQ1 - time_Click Count,LCQ1 - annotate_Id,LCQ1 - annotate_Name,LCQ1 - annotate_Size,LCQ1 - annotate_Type,LCQ1 - textbox,LCQ1 - explain time_First Click,LCQ1 - explain time_Last Click,LCQ1 - explain time_Page Submit,LCQ1 - explain time_Click Count,LCQ2,LCQ2 - time_First Click,LCQ2 - time_Last Click,LCQ2 - time_Page Submit,LCQ2 - time_Click Count,LCQ2 - annotate_Id,LCQ2 - annotate_Name,LCQ2 - annotate_Size,LCQ2 - annotate_Type,LCQ2 - textbox,LCQ2 - explain time_First Click,LCQ2 - explain time_Last Click,LCQ2 - explain time_Page Submit,LCQ2 - explain time_Click Count,LCQ3_1,LCQ3_2,LCQ3 - time_First Click,LCQ3 - time_Last Click,LCQ3 - time_Page Submit,LCQ3 - time_Click Count,LCQ3 - annotate_Id,LCQ3 - annotate_Name,LCQ3 - annotate_Size,LCQ3 - annotate_Type,LCQ3 - textbox,LCQ3 - explain time_First Click,LCQ3 - explain time_Last Click,LCQ3 - explain time_Page Submit,LCQ3 - explain time_Click Count,LCQ4,LCQ4 - time_First Click,LCQ4 - time_Last Click,LCQ4 - time_Page Submit,LCQ4 - time_Click Count,LCQ4 - annotate_Id,LCQ4 - annotate_Name,LCQ4 - annotate_Size,LCQ4 - annotate_Type,LCQ4 - textbox,LCQ4 - explain time_First Click,LCQ4 - explain time_Last Click,LCQ4 - explain time_Page Submit,LCQ4 - explain time_Click Count,LCQ5,LCQ5 - time_First Click,LCQ5 - time_Last Click,LCQ5 - time_Page Submit,LCQ5 - time_Click Count,LCQ5 - annotate_Id,LCQ5 - annotate_Name,LCQ5 - annotate_Size,LCQ5 - annotate_Type,LCQ5 - textbox,LCQ5 - explain time_First Click,LCQ5 - explain time_Last Click,LCQ5 - explain time_Page Submit,LCQ5 - explain time_Click Count,BuCQ2_4,BuCQ2_5,BuCQ2 - time_First Click,BuCQ2 - time_Last Click,BuCQ2 - time_Page Submit,BuCQ2 - time_Click Count,BuCQ2 - annotate_Id,BuCQ2 - annotate_Name,BuCQ2 - annotate_Size,BuCQ2 - annotate_Type,BuCQ2 - textbox,BuCQ2 - explain time_First Click,BuCQ2 - explain time_Last Click,BuCQ2 - explain time_Page Submit,BuCQ2 - explain time_Click Count,BuCQ3,BuCQ3 - annotate_Id,BuCQ3 - annotate_Name,BuCQ3 - annotate_Size,BuCQ3 - annotate_Type,BuCQ3 - textbox,BuCQ3 - explain time_First Click,BuCQ3 - explain time_Last Click,BuCQ3 - explain time_Page Submit,BuCQ3 - explain time_Click Count,BuCQ4,BuCQ4 - time_First Click,BuCQ4 - time_Last Click,BuCQ4 - time_Page Submit,BuCQ4 - time_Click Count,BuCQ4 - annotate_Id,BuCQ4 - annotate_Name,BuCQ4 - annotate_Size,BuCQ4 - annotate_Type,BuCQ4 - textbox,BuCQ4 - explain time_First Click,BuCQ4 - explain time_Last Click,BuCQ4 - explain time_Page Submit,BuCQ4 - explain time_Click Count,BuCQ5,BuCQ5 - time_First Click,BuCQ5 - time_Last Click,BuCQ5 - time_Page Submit,BuCQ5 - time_Click Count,BuCQ5 - annotate_Id,BuCQ5 - annotate_Name,BuCQ5 - annotate_Size,BuCQ5 - annotate_Type,BuCQ5 - textbox,BuCQ5 - explain time_First Click,BuCQ5 - explain time_Last Click,BuCQ5 - explain time_Page Submit,BuCQ5 - explain time_Click Count,BuCQ6,BuCQ6 - time_First Click,BuCQ6 - time_Last Click,BuCQ6 - time_Page Submit,BuCQ6 - time_Click Count,BuCQ6 - annotate_Id,BuCQ6 - annotate_Name,BuCQ6 - annotate_Size,BuCQ6 - annotate_Type,BuCQ6 - textbox,BuCQ6 - explain time_First Click,BuCQ6 - explain time_Last Click,BuCQ6 - explain time_Page Submit,BuCQ6 - explain time_Click Count,ACQ1,ACQ1 - time_First Click,ACQ1 - time_Last Click,ACQ1 - time_Page Submit,ACQ1 - time_Click Count,ACQ1 - annotate_Id,ACQ1 - annotate_Name,ACQ1 - annotate_Size,ACQ1 - annotate_Type,ACQ1 - textbox,ACQ1 - explain time_First Click,ACQ1 - explain time_Last Click,ACQ1 - explain time_Page Submit,ACQ1 - explain time_Click Count,ACQ2,ACQ2_1_TEXT,ACQ2 - time_First Click,ACQ2 - time_Last Click,ACQ2 - time_Page Submit,ACQ2 - time_Click Count,ACQ2 - annotate_Id,ACQ2 - annotate_Name,ACQ2 - annotate_Size,ACQ2 - annotate_Type,ACQ2 - textbox,ACQ2 - explain time_First Click,ACQ2 - explain time_Last Click,ACQ2 - explain time_Page Submit,ACQ2 - explain time_Click Count,ACQ3_1,ACQ3_2,ACQ3 - time_First Click,ACQ3 - time_Last Click,ACQ3 - time_Page Submit,ACQ3 - time_Click Count,ACQ3 - annotate_Id,ACQ3 - annotate_Name,ACQ3 - annotate_Size,ACQ3 - annotate_Type,ACQ3 - textbox,ACQ3 - explain time_First Click,ACQ3 - explain time_Last Click,ACQ3 - explain time_Page Submit,ACQ3 - explain time_Click Count,AC2Q1,AC2Q1 - time_First Click,AC2Q1 - time_Last Click,AC2Q1 - time_Page Submit,AC2Q1 - time_Click Count,AC2Q1 - annotate_Id,AC2Q1 - annotate_Name,AC2Q1 - annotate_Size,AC2Q1 - annotate_Type,AC2Q1 - textbox,AC2Q1 - explain time_First Click,AC2Q1 - explain time_Last Click,AC2Q1 - explain time_Page Submit,AC2Q1 - explain time_Click Count,AC2Q2,AC2Q2_1_TEXT,AC2Q2 - time_First Click,AC2Q2 - time_Last Click,AC2Q2 - time_Page Submit,AC2Q2 - time_Click Count,AC2Q2 - annotate_Id,AC2Q2 - annotate_Name,AC2Q2 - annotate_Size,AC2Q2 - annotate_Type,AC2Q2 - textbox,AC2Q2 - explain time_First Click,AC2Q2 - explain time_Last Click,AC2Q2 - explain time_Page Submit,AC2Q2 - explain time_Click Count,AC2Q3_1,AC2Q3_2,AC2Q3 - time_First Click,AC2Q3 - time_Last Click,AC2Q3 - time_Page Submit,AC2Q3 - time_Click Count,AC2Q3 - annotate_Id,AC2Q3 - annotate_Name,AC2Q3 - annotate_Size,AC2Q3 - annotate_Type,AC2Q3 - textbox,AC2Q3 - explain time_First Click,AC2Q3 - explain time_Last Click,AC2Q3 - explain time_Page Submit,AC2Q3 - explain time_Click Count,AC2Q4,AC2Q4 - time_First Click,AC2Q4 - time_Last Click,AC2Q4 - time_Page Submit,AC2Q4 - time_Click Count,AC2Q4 - annotate_Id,AC2Q4 - annotate_Name,AC2Q4 - annotate_Size,AC2Q4 - annotate_Type,AC2Q4 - textbox,AC2Q4 - explain time_First Click,AC2Q4 - explain time_Last Click,AC2Q4 - explain time_Page Submit,AC2Q4 - explain time_Click Count,CCQ1,CCQ1 - time_First Click,CCQ1 - time_Last Click,CCQ1 - time_Page Submit,CCQ1 - time_Click Count,CCQ1 - annotate_Id,CCQ1 - annotate_Name,CCQ1 - annotate_Size,CCQ1 - annotate_Type,CCQ1 - textbox,CCQ1 - explain time_First Click,CCQ1 - explain time_Last Click,CCQ1 - explain time_Page Submit,CCQ1 - explain time_Click Count,CCQ2,CCQ2 - time_First Click,CCQ2 - time_Last Click,CCQ2 - time_Page Submit,CCQ2 - time_Click Count,CCQ2 - annotate_Id,CCQ2 - annotate_Name,CCQ2 - annotate_Size,CCQ2 - annotate_Type,CCQ2 - textbox,CCQ2 - explain time_First Click,CCQ2 - explain time_Last Click,CCQ2 - explain time_Page Submit,CCQ2 - explain time_Click Count,HCQ1,HCQ1 - time_First Click,HCQ1 - time_Last Click,HCQ1 - time_Page Submit,HCQ1 - time_Click Count,HCQ1 - annotate_Id,HCQ1 - annotate_Name,HCQ1 - annotate_Size,HCQ1 - annotate_Type,HCQ1 - textbox,HCQ1 - explain time_First Click,HCQ1 - explain time_Last Click,HCQ1 - explain time_Page Submit,HCQ1 - explain time_Click Count,HCQ2,HCQ2 - time_First Click,HCQ2 - time_Last Click,HCQ2 - time_Page Submit,HCQ2 - time_Click Count,HCQ2 - annotate_Id,HCQ2 - annotate_Name,HCQ2 - annotate_Size,HCQ2 - annotate_Type,HCQ2 - textbox,HCQ2 - explain time_First Click,HCQ2 - explain time_Last Click,HCQ2 - explain time_Page Submit,HCQ2 - explain time_Click Count,HCQ3,HCQ3 - time_First Click,HCQ3 - time_Last Click,HCQ3 - time_Page Submit,HCQ3 - time_Click Count,HCQ3 - annotate_Id,HCQ3 - annotate_Name,HCQ3 - annotate_Size,HCQ3 - annotate_Type,HCQ3 - textbox,HCQ3 - explain time_First Click,HCQ3 - explain time_Last Click,HCQ3 - explain time_Page Submit,HCQ3 - explain time_Click Count,HC2Q1,HC2Q1 - time_First Click,HC2Q1 - time_Last Click,HC2Q1 - time_Page Submit,HC2Q1 - time_Click Count,HC2Q1 - annotate_Id,HC2Q1 - annotate_Name,HC2Q1 - annotate_Size,HC2Q1 - annotate_Type,HC2Q1 - textbox ,HC2Q1 - explain time_First Click,HC2Q1 - explain time_Last Click,HC2Q1 - explain time_Page Submit,HC2Q1 - explain time_Click Count,HC2Q2,HC2Q2 - time_First Click,HC2Q2 - time_Last Click,HC2Q2 - time_Page Submit,HC2Q2 - time_Click Count,HC2Q2 - annotate_Id,HC2Q2 - annotate_Name,HC2Q2 - annotate_Size,HC2Q2 - annotate_Type,HC2Q2 - textbox,HC2Q2 - explain time_First Click,HC2Q2 - explain time_Last Click,HC2Q2 - explain time_Page Submit,HC2Q2 - explain time_Click Count,HC2Q3,HC2Q3 - time_First Click,HC2Q3 - time_Last Click,HC2Q3 - time_Page Submit,HC2Q3 - time_Click Count,HC2Q3 - annotate_Id,HC2Q3 - annotate_Name,HC2Q3 - annotate_Size,HC2Q3 - annotate_Type,HC2Q3 - textbox,HC2Q3 - explain time_First Click,HC2Q3 - explain time_Last Click,HC2Q3 - explain time_Page Submit,HC2Q3 - explain time_Click Count,TMQ1,TMQ1 - time_First Click,TMQ1 - time_Last Click,TMQ1 - time_Page Submit,TMQ1 - time_Click Count,TMQ1 - annotate_Id,TMQ1 - annotate_Name,TMQ1 - annotate_Size,TMQ1 - annotate_Type,TMQ1 - textbox,TMQ1 - explain time_First Click,TMQ1 - explain time_Last Click,TMQ1 - explain time_Page Submit,TMQ1 - explain time_Click Count,TMQ2,TMQ2 - time_First Click,TMQ2 - time_Last Click,TMQ2 - time_Page Submit,TMQ2 - time_Click Count,TMQ2 - annotate_Id,TMQ2 - annotate_Name,TMQ2 - annotate_Size,TMQ2 - annotate_Type,TMQ2 - textbox,TMQ2 - explain time_First Click,TMQ2 - explain time_Last Click,TMQ2 - explain time_Page Submit,TMQ2 - explain time_Click Count,TMQ3,TMQ3 - time_First Click,TMQ3 - time_Last Click,TMQ3 - time_Page Submit,TMQ3 - time_Click Count,TMQ3 - annotate_Id,TMQ3 - annotate_Name,TMQ3 - annotate_Size,TMQ3 - annotate_Type,TMQ3 - textbox,TMQ3 - explain time_First Click,TMQ3 - explain time_Last Click,TMQ3 - explain time_Page Submit,TMQ3 - explain time_Click Count,PCQ1,PCQ1 - time_First Click,PCQ1 - time_Last Click,PCQ1 - time_Page Submit,PCQ1 - time_Click Count,PCQ1 - annotate_Id,PCQ1 - annotate_Name,PCQ1 - annotate_Size,PCQ1 - annotate_Type,PCQ1 - textbox,PCQ1 - explain time_First Click,PCQ1 - explain time_Last Click,PCQ1 - explain time_Page Submit,PCQ1 - explain time_Click Count,PCQ2,PCQ2 - time_First Click,PCQ2 - time_Last Click,PCQ2 - time_Page Submit,PCQ2 - time_Click Count,PCQ2 - annotate_Id,PCQ2 - annotate_Name,PCQ2 - annotate_Size,PCQ2 - annotate_Type,PCQ2 - textbox,PCQ2 - explain time_First Click,PCQ2 - explain time_Last Click,PCQ2 - explain time_Page Submit,PCQ2 - explain time_Click Count,SB100Q1,SB100Q1 - time_First Click,SB100Q1 - time_Last Click,SB100Q1 - time_Page Submit,SB100Q1 - time_Click Count,SB100Q1 - annotate_Id,SB100Q1 - annotate_Name,SB100Q1 - annotate_Size,SB100Q1 - annotate_Type,SB100Q1 - textbox,SB100Q1-explain time_First Click,SB100Q1-explain time_Last Click,SB100Q1-explain time_Page Submit,SB100Q1-explain time_Click Count,SB100Q2,SB100Q2 - time_First Click,SB100Q2 - time_Last Click,SB100Q2 - time_Page Submit,SB100Q2 - time_Click Count,SB100Q2 - annotate_Id,SB100Q2 - annotate_Name,SB100Q2 - annotate_Size,SB100Q2 - annotate_Type,SB100Q2 - textbox,SB100Q2-explain time_First Click,SB100Q2-explain time_Last Click,SB100Q2-explain time_Page Submit,SB100Q2-explain time_Click Count,SB100Q3,SB100Q3 - time_First Click,SB100Q3 - time_Last Click,SB100Q3 - time_Page Submit,SB100Q3 - time_Click Count,SB100Q3 - annotate_Id,SB100Q3 - annotate_Name,SB100Q3 - annotate_Size,SB100Q3 - annotate_Type,SB100Q3 - textbox,SB100Q3-explain time_First Click,SB100Q3-explain time_Last Click,SB100Q3-explain time_Page Submit,SB100Q3-explain time_Click Count,BCQ3_1,BCQ3_2,BCQ3 - time_First Click,BCQ3 - time_Last Click,BCQ3 - time_Page Submit,BCQ3 - time_Click Count,BCQ3 - annotate_Id,BCQ3 - annotate_Name,BCQ3 - annotate_Size,BCQ3 - annotate_Type,BCQ3 - textbox,BCQ3 - explain time_First Click,BCQ3 - explain time_Last Click,BCQ3 - explain time_Page Submit,BCQ3 - explain time_Click Count,BCQ4,BCQ4 - time_First Click,BCQ4 - time_Last Click,BCQ4 - time_Page Submit,BCQ4 - time_Click Count,BCQ4 - annotate_Id,BCQ4 - annotate_Name,BCQ4 - annotate_Size,BCQ4 - annotate_Type,BCQ4 - textbox,BCQ4 - explain time_First Click,BCQ4 - explain time_Last Click,BCQ4 - explain time_Page Submit,BCQ4 - explain time_Click Count,PROLIFIC_PID,chart_AC,chart_BC,chart_BuC,chart_CC,chart_HC,chart_HC2,chart_LC,chart_PC,chart_SA,chart_SB,chart_SB100,chart_SP,chart_TM,chart_AC2
2023-09-11 09:07:23,2023-09-11 09:15:51,IP Address,201.144.113.146,100,507,True,2023-09-11 09:15:54,R_1dMhws7FrXZNv3U,,,,,25.1106,-103.2176,anonymous,EN,I agree,43.237,43.237,44.56,1,74,9.425,17.777,20.582,2,0,0,24.245,0,F_OkwYg7mRfirXXjz,signature.png,5228,image/png,i didnt read carefully so i got confused and i chose the wrong answer ,12.337,95.685,103.531,5,0,0,1.549,0,2012,25.352,42.739,45.249,3,F_1CgChR3Gh38JXet,signature.png,4440,image/png,i read the years and then i looked the color that correspond for Isla and then i looked down to know the year ,11.509,24.432,73.686,4,I'm not sure,30.426,53.745,56.33,2,F_1eQw9IKSNWpS55h,signature.png,5536,image/png,it looked like its about to falling ,3.78,56.103,60.006,10,23,Women,Normal vision,,Industrial engineering,Moderately knowledgeable,"Bachelor’s degree (For example: BA, AB, BS)",,I am not colorblind,0.869,47.519,48.437,7,everything was ok ,,,,,,,,,,,,,,,,,,,,,,,,,,,,,,,,,,,,,,,,,,,,,,,,,,,,,,,,,,,,,,,,,,,,,,,,,,,,,,,,,,,,,,,,,,,,,,,,,,,,,,,,,,,,,,,,,,,,,,,,,,,,,,,,,,,,,,,,,,,,,,,,,,,,,,,,,,,,,,,,,,,,,,,,,,,,,,,,,,,,,,,,,,,,,,,,,,,,,,,,,,,,,,,,,,,,,,,,,,,,,,,,,,,,,,,,,,,,,,,,,,,,,,,,,,,,,,,,,,,,,,,,,,,,,,,,,,,,,,,,,,,,,,,,,,,,,,,,,,,,,,,,,,,,,,,,,,,,,,,,,,,,,,,,,,,,,,,,,,,,,,,,,,,,,,,,,,,,,,,,,,,,,,,,,,,,,,,,,,,,,,,,,,,,,,,,,,,,,,,,,,,,,,,,,,,,,,,,,,,,,,,,,,,,,,,,,,,,,,,,,,,,,,,,,,,,,,,,,,,,,,,,,,,,,,,,,,,,,,,,,,,,,,,,,,,,,,,,,,,,,,,,,,,,,,,,,,,,,,,,,,,,,,,,,,,,,,,,,,,,,,,,,,,,,,,,,,,,,,,,,,,,,,,,,,,,,,,,,,,,,,,,,,,,,,,,,,,,,,,,,,,,,,,,,,,,,,,,,,,,,,,,,,,,,,,,,,,,,,,,,,,,,,,,,,,,,,,,,,,,,,,,,,,,,,,,,,,,,,,,,,,,,,,,,,,,,,,,,,,,,,,,,613e68c510d0e0ca93ed61c4,False,False,False,False,False,False,False,False,False,False,False,False,False,False
2023-09-11 09:10:20,2023-09-11 09:18:56,IP Address,89.212.101.61,100,515,True,2023-09-11 09:18:57,R_1QMApSfEyFUFKNK,,,,,46.165,14.3108,anonymous,EN,I agree,36.69,36.69,39.553,1,177,27.021,27.021,57.444,1,0,0,16.711,0,F_1pVFmVRCQqC74Za,signature.png,5922,image/png,I just looked which is the highest dot ,17.553,65.401,101.015,10,0,0,2.073,0,2012,23.31,27.802,39.089,2,F_1o0aGxuX4egO2IG,signature.png,4981,image/png,The colors and the legend,8.393,30.462,46.544,5,Constant,28.003,49.827,51.436,3,,,,,,,,,,38,Man,"Corrected-to-normal vision (glasses, contacts, etc)",,Marketing,Relatively Skilled,"Bachelor’s degree (For example: BA, AB, BS)",,I am not colorblind,1.236,65.726,67.53,7,Everything was good.The questions were short and easy to understand,,,,,,,,,,,,,,,,,,,,,,,,,,,,,,,,,,,,,,,,,,,,,,,,,,,,,,,,,,,,,,,,,,,,,,,,,,,,,,,,,,,,,,,,,,,,,,,,,,,,,,,,,,,,,,,,,,,,,,,,,,,,,,,,,,,,,,,,,,,,,,,,,,,,,,,,,,,,,,,,,,,,,,,,,,,,,,,,,,,,,,,,,,,,,,,,,,,,,,,,,,,,,,,,,,,,,,,,,,,,,,,,,,,,,,,,,,,,,,,,,,,,,,,,,,,,,,,,,,,,,,,,,,,,,,,,,,,,,,,,,,,,,,,,,,,,,,,,,,,,,,,,,,,,,,,,,,,,,,,,,,,,,,,,,,,,,,,,,,,,,,,,,,,,,,,,,,,,,,,,,,,,,,,,,,,,,,,,,,,,,,,,,,,,,,,,,,,,,,,,,,,,,,,,,,,,,,,,,,,,,,,,,,,,,,,,,,,,,,,,,,,,,,,,,,,,,,,,,,,,,,,,,,,,,,,,,,,,,,,,,,,,,,,,,,,,,,,,,,,,,,,,,,,,,,,,,,,,,,,,,,,,,,,,,,,,,,,,,,,,,,,,,,,,,,,,,,,,,,,,,,,,,,,,,,,,,,,,,,,,,,,,,,,,,,,,,,,,,,,,,,,,,,,,,,,,,,,,,,,,,,,,,,,,,,,,,,,,,,,,,,,,,,,,,,,,,,,,,,,,,,,,,,,,,,,,,,,,,,,,,,,,,,,,,,,,,,,,,,,,,,,,,64e8b80cdb39afb3e93a1516,False,False,False,False,False,False,False,False,False,False,False,False,False,False
2023-09-11 09:10:20,2023-09-11 09:19:35,IP Address,109.50.228.145,100,555,True,2023-09-11 09:19:37,R_2VejyCstHi0umOP,,,,,41.6188,-8.6443,anonymous,EN,I agree,10.993,10.993,12.096,1,74,15.038,15.038,23.675,1,0,0,20.345,0,F_WcEzcppVcSx7irn,signature.png,4592,image/png,"My answer was wrong. The correct answer is 177
First, find the point with the maximum y value (weight). Then, check its value on x (height)",16.237,149.225,175.985,6,1.261,1.261,1.696,1,2012,2.707,33.597,34.37,6,F_2BswgxwyOXE3qQ6,signature.png,4221,image/png,"find the peak of isla, and check the year on the x axis",115.556,127.279,150.147,5,Constant,3.638,90.605,92.282,2,,,,,,,,,,27,Women,Normal vision,,Data science,Relatively Skilled,"Master’s degree (For example: MA, MS, MEng, MEd, MSW, MBA)",,I am not colorblind,0.97,22.69,23.031,10,,,,,,,,,,,,,,,,,,,,,,,,,,,,,,,,,,,,,,,,,,,,,,,,,,,,,,,,,,,,,,,,,,,,,,,,,,,,,,,,,,,,,,,,,,,,,,,,,,,,,,,,,,,,,,,,,,,,,,,,,,,,,,,,,,,,,,,,,,,,,,,,,,,,,,,,,,,,,,,,,,,,,,,,,,,,,,,,,,,,,,,,,,,,,,,,,,,,,,,,,,,,,,,,,,,,,,,,,,,,,,,,,,,,,,,,,,,,,,,,,,,,,,,,,,,,,,,,,,,,,,,,,,,,,,,,,,,,,,,,,,,,,,,,,,,,,,,,,,,,,,,,,,,,,,,,,,,,,,,,,,,,,,,,,,,,,,,,,,,,,,,,,,,,,,,,,,,,,,,,,,,,,,,,,,,,,,,,,,,,,,,,,,,,,,,,,,,,,,,,,,,,,,,,,,,,,,,,,,,,,,,,,,,,,,,,,,,,,,,,,,,,,,,,,,,,,,,,,,,,,,,,,,,,,,,,,,,,,,,,,,,,,,,,,,,,,,,,,,,,,,,,,,,,,,,,,,,,,,,,,,,,,,,,,,,,,,,,,,,,,,,,,,,,,,,,,,,,,,,,,,,,,,,,,,,,,,,,,,,,,,,,,,,,,,,,,,,,,,,,,,,,,,,,,,,,,,,,,,,,,,,,,,,,,,,,,,,,,,,,,,,,,,,,,,,,,,,,,,,,,,,,,,,,,,,,,,,,,,,,,,,,,,,,,,,,,,,,,,,,,,,,,,5c522508fcbef20001939a03,False,False,False,False,False,False,False,False,False,False,False,False,False,False
2023-09-11 09:11:38,2023-09-11 09:20:29,IP Address,41.150.248.232,100,530,True,2023-09-11 09:20:30,R_4UsMIP675TEO4j7,,,,,-25.7599,28.2604,anonymous,EN,I agree,13.127,14.973,17.559,2,178,16.913,69.514,75.729,24,33.241,33.241,34.107,1,F_2EnPEifCTzEItdp,signature.png,5114,image/png,Nothing much,13.518,57.675,70.5,7,0,0,3.303,0,2012,29.985,42.987,44.762,10,F_6LpEYl9EmhWXAAh,signature.png,4733,image/png,"t ws not so difficult , i just looked at the graph",22.604,64.636,108.515,8,Constant,17.623,69.481,70.809,47,,,,,,,,,,33,Women,Normal vision,,politics,Moderately knowledgeable,"Master’s degree (For example: MA, MS, MEng, MEd, MSW, MBA)",,I am not colorblind,4.531,59.913,61.195,12,n/a,,,,,,,,,,,,,,,,,,,,,,,,,,,,,,,,,,,,,,,,,,,,,,,,,,,,,,,,,,,,,,,,,,,,,,,,,,,,,,,,,,,,,,,,,,,,,,,,,,,,,,,,,,,,,,,,,,,,,,,,,,,,,,,,,,,,,,,,,,,,,,,,,,,,,,,,,,,,,,,,,,,,,,,,,,,,,,,,,,,,,,,,,,,,,,,,,,,,,,,,,,,,,,,,,,,,,,,,,,,,,,,,,,,,,,,,,,,,,,,,,,,,,,,,,,,,,,,,,,,,,,,,,,,,,,,,,,,,,,,,,,,,,,,,,,,,,,,,,,,,,,,,,,,,,,,,,,,,,,,,,,,,,,,,,,,,,,,,,,,,,,,,,,,,,,,,,,,,,,,,,,,,,,,,,,,,,,,,,,,,,,,,,,,,,,,,,,,,,,,,,,,,,,,,,,,,,,,,,,,,,,,,,,,,,,,,,,,,,,,,,,,,,,,,,,,,,,,,,,,,,,,,,,,,,,,,,,,,,,,,,,,,,,,,,,,,,,,,,,,,,,,,,,,,,,,,,,,,,,,,,,,,,,,,,,,,,,,,,,,,,,,,,,,,,,,,,,,,,,,,,,,,,,,,,,,,,,,,,,,,,,,,,,,,,,,,,,,,,,,,,,,,,,,,,,,,,,,,,,,,,,,,,,,,,,,,,,,,,,,,,,,,,,,,,,,,,,,,,,,,,,,,,,,,,,,,,,,,,,,,,,,,,,,,,,,,,,,,,,,,,,,,,60fc6459f6fd6a6c8cfa7efb,False,False,False,False,False,False,False,False,False,False,False,False,False,False
2023-09-11 09:11:01,2023-09-11 09:20:34,IP Address,197.184.177.225,100,572,True,2023-09-11 09:20:36,R_32PcPtwFrVYi9WD,,,,,-26.3811,27.8376,anonymous,EN,I agree,48.396,48.396,49.226,1,177,42.578,42.578,52.733,1,0,0,17.092,0,F_25Tu8KLK9FVmpUL,signature.png,5689,image/png,The gridlines were helpful. Nothing was confusing,64.905,95.208,112.171,5,0,0,1.513,0,2012,36.608,38.8,45.64,2,F_2OPara3mRqJA8go,signature.png,4074,image/png,The colour coordination was helpful. Nothing confusing,13.191,68.524,104.622,4,Falling,76.442,76.442,78.202,1,F_2EmdUFW3SMft4Jc,signature.png,3049,image/png,The Tipping points. This graph as a whole was very confusing,9.502,13.295,36.628,2,21,Man,Normal vision,,business management,Moderately knowledgeable,"Bachelor’s degree (For example: BA, AB, BS)",,I am not colorblind,1.908,36.827,37.757,7,N/A,,,,,,,,,,,,,,,,,,,,,,,,,,,,,,,,,,,,,,,,,,,,,,,,,,,,,,,,,,,,,,,,,,,,,,,,,,,,,,,,,,,,,,,,,,,,,,,,,,,,,,,,,,,,,,,,,,,,,,,,,,,,,,,,,,,,,,,,,,,,,,,,,,,,,,,,,,,,,,,,,,,,,,,,,,,,,,,,,,,,,,,,,,,,,,,,,,,,,,,,,,,,,,,,,,,,,,,,,,,,,,,,,,,,,,,,,,,,,,,,,,,,,,,,,,,,,,,,,,,,,,,,,,,,,,,,,,,,,,,,,,,,,,,,,,,,,,,,,,,,,,,,,,,,,,,,,,,,,,,,,,,,,,,,,,,,,,,,,,,,,,,,,,,,,,,,,,,,,,,,,,,,,,,,,,,,,,,,,,,,,,,,,,,,,,,,,,,,,,,,,,,,,,,,,,,,,,,,,,,,,,,,,,,,,,,,,,,,,,,,,,,,,,,,,,,,,,,,,,,,,,,,,,,,,,,,,,,,,,,,,,,,,,,,,,,,,,,,,,,,,,,,,,,,,,,,,,,,,,,,,,,,,,,,,,,,,,,,,,,,,,,,,,,,,,,,,,,,,,,,,,,,,,,,,,,,,,,,,,,,,,,,,,,,,,,,,,,,,,,,,,,,,,,,,,,,,,,,,,,,,,,,,,,,,,,,,,,,,,,,,,,,,,,,,,,,,,,,,,,,,,,,,,,,,,,,,,,,,,,,,,,,,,,,,,,,,,,,,,,,,,,,,61450281d3669e2bfece851d,False,False,False,False,False,False,False,False,False,False,False,False,False,False
2023-09-11 09:10:32,2023-09-11 09:21:36,IP Address,161.230.45.240,100,663,True,2023-09-11 09:21:38,R_2uEfRKzo6AQQbRC,,,,,41.1691,-8.6793,anonymous,EN,I agree,38.383,39.513,45.332,5,177,380.17,401.291,403.713,4,4.092,4.708,15.859,3,F_1Pc4FG3OkL3kchR,signature.png,5889,image/png,"Nothing was confusing, no",17.258,74.383,84.545,27,0,0,1.685,0,2014,14.079,38.711,38.966,6,,,,,,,,,,Constant,27.826,27.826,36.161,1,,,,,,,,,,22,Man,Normal vision,,Engineering,No familiarity,"Bachelor’s degree (For example: BA, AB, BS)",,I am not colorblind,0.549,16.365,18.015,12,No issues,,,,,,,,,,,,,,,,,,,,,,,,,,,,,,,,,,,,,,,,,,,,,,,,,,,,,,,,,,,,,,,,,,,,,,,,,,,,,,,,,,,,,,,,,,,,,,,,,,,,,,,,,,,,,,,,,,,,,,,,,,,,,,,,,,,,,,,,,,,,,,,,,,,,,,,,,,,,,,,,,,,,,,,,,,,,,,,,,,,,,,,,,,,,,,,,,,,,,,,,,,,,,,,,,,,,,,,,,,,,,,,,,,,,,,,,,,,,,,,,,,,,,,,,,,,,,,,,,,,,,,,,,,,,,,,,,,,,,,,,,,,,,,,,,,,,,,,,,,,,,,,,,,,,,,,,,,,,,,,,,,,,,,,,,,,,,,,,,,,,,,,,,,,,,,,,,,,,,,,,,,,,,,,,,,,,,,,,,,,,,,,,,,,,,,,,,,,,,,,,,,,,,,,,,,,,,,,,,,,,,,,,,,,,,,,,,,,,,,,,,,,,,,,,,,,,,,,,,,,,,,,,,,,,,,,,,,,,,,,,,,,,,,,,,,,,,,,,,,,,,,,,,,,,,,,,,,,,,,,,,,,,,,,,,,,,,,,,,,,,,,,,,,,,,,,,,,,,,,,,,,,,,,,,,,,,,,,,,,,,,,,,,,,,,,,,,,,,,,,,,,,,,,,,,,,,,,,,,,,,,,,,,,,,,,,,,,,,,,,,,,,,,,,,,,,,,,,,,,,,,,,,,,,,,,,,,,,,,,,,,,,,,,,,,,,,,,,,,,,,,,,,,5e03d667783225eb127c4541,False,False,False,False,False,False,False,False,False,False,False,False,False,False
2023-09-11 09:10:40,2023-09-11 09:21:37,IP Address,196.15.149.114,100,656,True,2023-09-11 09:21:38,R_22t5jL0MwrzxvSt,,,,,-34.0373,23.0331,anonymous,EN,I agree,94.25,95.314,96.502,2,74,29.669,29.669,41.032,1,0,0,42.653,0,F_2QSvKooJjChNVJf,signature.png,6372,image/png,"The number of dots represent each person, both the x and y axis are clearly labelled, the graph was easy to read.",32.756,70.112,134.443,5,50.834,51.122,51.56,2,2012,52.094,53.183,54.138,2,F_1j7FljsvmUWETJ9,signature.png,5383,image/png,"the color purple indicated the names of the girls in the range, I looked at the highest point and the year.",16.921,28.139,102.807,4,Constant,64.681,75.185,77.631,2,,,,,,,,,,34,Man,Normal vision,,Data Analyst,Moderately knowledgeable,"Bachelor’s degree (For example: BA, AB, BS)",,I am not colorblind,1.005,31.661,32.618,7,,,,,,,,,,,,,,,,,,,,,,,,,,,,,,,,,,,,,,,,,,,,,,,,,,,,,,,,,,,,,,,,,,,,,,,,,,,,,,,,,,,,,,,,,,,,,,,,,,,,,,,,,,,,,,,,,,,,,,,,,,,,,,,,,,,,,,,,,,,,,,,,,,,,,,,,,,,,,,,,,,,,,,,,,,,,,,,,,,,,,,,,,,,,,,,,,,,,,,,,,,,,,,,,,,,,,,,,,,,,,,,,,,,,,,,,,,,,,,,,,,,,,,,,,,,,,,,,,,,,,,,,,,,,,,,,,,,,,,,,,,,,,,,,,,,,,,,,,,,,,,,,,,,,,,,,,,,,,,,,,,,,,,,,,,,,,,,,,,,,,,,,,,,,,,,,,,,,,,,,,,,,,,,,,,,,,,,,,,,,,,,,,,,,,,,,,,,,,,,,,,,,,,,,,,,,,,,,,,,,,,,,,,,,,,,,,,,,,,,,,,,,,,,,,,,,,,,,,,,,,,,,,,,,,,,,,,,,,,,,,,,,,,,,,,,,,,,,,,,,,,,,,,,,,,,,,,,,,,,,,,,,,,,,,,,,,,,,,,,,,,,,,,,,,,,,,,,,,,,,,,,,,,,,,,,,,,,,,,,,,,,,,,,,,,,,,,,,,,,,,,,,,,,,,,,,,,,,,,,,,,,,,,,,,,,,,,,,,,,,,,,,,,,,,,,,,,,,,,,,,,,,,,,,,,,,,,,,,,,,,,,,,,,,,,,,,,,,,,,,,,,,,,60d59686a148c19ff53b231a,False,False,False,False,False,False,False,False,False,False,False,False,False,False
2023-09-11 09:10:19,2023-09-11 09:22:05,IP Address,152.174.79.55,100,705,True,2023-09-11 09:22:07,R_2drK23vsj8jNYcR,,,,,-29.907,-71.2562,anonymous,EN,I agree,136.111,161.047,161.945,2,176,14.63,42.189,54.724,2,0,0,16.049,0,F_3DjP1d89CbW7hBX,signature.png,7174,image/png,i had to find the weight axis then look for the heaviest person then go to his height,23.435,84.187,152.037,9,0,0,2.257,0,2012,29.972,31.262,33.112,2,F_SJYDbf5TqAMkAW5,signature.png,4549,image/png,its a graph so i look for the highest point at the purple bit thats isla,20.425,29.93,92.387,5,Constant,44.525,53.2,55.488,2,,,,,,,,,,26,Women,"Corrected-to-normal vision (glasses, contacts, etc)",,civil engineering,Moderately knowledgeable,Some college but no degree,,I am not colorblind,1.82,115.768,116.989,11,,,,,,,,,,,,,,,,,,,,,,,,,,,,,,,,,,,,,,,,,,,,,,,,,,,,,,,,,,,,,,,,,,,,,,,,,,,,,,,,,,,,,,,,,,,,,,,,,,,,,,,,,,,,,,,,,,,,,,,,,,,,,,,,,,,,,,,,,,,,,,,,,,,,,,,,,,,,,,,,,,,,,,,,,,,,,,,,,,,,,,,,,,,,,,,,,,,,,,,,,,,,,,,,,,,,,,,,,,,,,,,,,,,,,,,,,,,,,,,,,,,,,,,,,,,,,,,,,,,,,,,,,,,,,,,,,,,,,,,,,,,,,,,,,,,,,,,,,,,,,,,,,,,,,,,,,,,,,,,,,,,,,,,,,,,,,,,,,,,,,,,,,,,,,,,,,,,,,,,,,,,,,,,,,,,,,,,,,,,,,,,,,,,,,,,,,,,,,,,,,,,,,,,,,,,,,,,,,,,,,,,,,,,,,,,,,,,,,,,,,,,,,,,,,,,,,,,,,,,,,,,,,,,,,,,,,,,,,,,,,,,,,,,,,,,,,,,,,,,,,,,,,,,,,,,,,,,,,,,,,,,,,,,,,,,,,,,,,,,,,,,,,,,,,,,,,,,,,,,,,,,,,,,,,,,,,,,,,,,,,,,,,,,,,,,,,,,,,,,,,,,,,,,,,,,,,,,,,,,,,,,,,,,,,,,,,,,,,,,,,,,,,,,,,,,,,,,,,,,,,,,,,,,,,,,,,,,,,,,,,,,,,,,,,,,,,,,,,,,,,,,,,,60f71d92becec103ba0fa31d,False,False,False,False,False,False,False,False,False,False,False,False,False,False
2023-09-11 09:10:35,2023-09-11 09:22:28,IP Address,102.249.3.207,100,713,True,2023-09-11 09:22:31,R_vPtIdL7MYMyeM0h,,,,,-29.8556,31.0449,anonymous,EN,I agree,12.96,12.96,14.264,1,181,46.975,46.975,52.506,1,0,0,12.685,0,F_vJMcNxoovATESOt,signature.png,3845,image/png,at first it was easy than when i try to use the mouse i found it difficult to use it,26.051,107.695,110.507,6,0,0,4.067,0,2012,26.778,79.644,81.414,9,F_vP4OKwDgXUrmw13,signature.png,3819,image/png,yes it was helpful and also clear enough to see the  answer,8.234,55.118,82.732,18,Rising,13.523,98.193,99.277,14,F_1hSjiiMKSrMYj6z,signature.png,2317,image/png,yes its was helpful and also its was clear nothing  was confusing,8.328,24.894,107.202,7,28,Man,Normal vision,,Tastic organisation,Moderately knowledgeable,Some college but no degree,,I am not colorblind,2.354,64.401,65.991,16,during the study everything was clear enough  thank you for that ,,,,,,,,,,,,,,,,,,,,,,,,,,,,,,,,,,,,,,,,,,,,,,,,,,,,,,,,,,,,,,,,,,,,,,,,,,,,,,,,,,,,,,,,,,,,,,,,,,,,,,,,,,,,,,,,,,,,,,,,,,,,,,,,,,,,,,,,,,,,,,,,,,,,,,,,,,,,,,,,,,,,,,,,,,,,,,,,,,,,,,,,,,,,,,,,,,,,,,,,,,,,,,,,,,,,,,,,,,,,,,,,,,,,,,,,,,,,,,,,,,,,,,,,,,,,,,,,,,,,,,,,,,,,,,,,,,,,,,,,,,,,,,,,,,,,,,,,,,,,,,,,,,,,,,,,,,,,,,,,,,,,,,,,,,,,,,,,,,,,,,,,,,,,,,,,,,,,,,,,,,,,,,,,,,,,,,,,,,,,,,,,,,,,,,,,,,,,,,,,,,,,,,,,,,,,,,,,,,,,,,,,,,,,,,,,,,,,,,,,,,,,,,,,,,,,,,,,,,,,,,,,,,,,,,,,,,,,,,,,,,,,,,,,,,,,,,,,,,,,,,,,,,,,,,,,,,,,,,,,,,,,,,,,,,,,,,,,,,,,,,,,,,,,,,,,,,,,,,,,,,,,,,,,,,,,,,,,,,,,,,,,,,,,,,,,,,,,,,,,,,,,,,,,,,,,,,,,,,,,,,,,,,,,,,,,,,,,,,,,,,,,,,,,,,,,,,,,,,,,,,,,,,,,,,,,,,,,,,,,,,,,,,,,,,,,,,,,,,,,,,,,,614dd489fbaaac91b461c640,False,False,False,False,False,False,False,False,False,False,False,False,False,False
2023-09-11 09:10:52,2023-09-11 09:22:43,IP Address,80.180.149.48,100,711,True,2023-09-11 09:22:46,R_1HjC1BJPFLXTttj,,,,,40.7013,14.7052,anonymous,EN,I agree,16.785,16.785,18.085,1,176,33.054,74.174,75.692,5,14.588,29.516,31.678,2,F_3NILZIC7kxhDSdC,signature.png,6066,image/png,"I arrived at this answer as the graph, from my point of view indicated a height slightly higher than 175, I was undecided between 176 and 177, but I chose 176, because it seemed to me the most plausible",22.005,137.175,143.941,19,0,0,2.7,0,2012,4.605,29.857,32.028,3,F_2zx1GdBFD2Fv9ui,signature.png,4435,image/png,"I chose 2012 as the highest point marked by the graph relating to the name ""isla"" reached its peak in that year",8.565,70.102,76.212,5,Rising,4.284,46.244,56.235,2,F_BYe20m2ykI7Bmmd,signature.png,8357,image/png,"In the first six months, the price was the highest, from the seventh month onwards of 2018 until 2019 there was a collapse in the price",6.87,79.383,86.372,8,31,Man,Normal vision,,Math's teacher,Moderately knowledgeable,"Master’s degree (For example: MA, MS, MEng, MEd, MSW, MBA)",,I am not colorblind,1.124,76.027,90.187,15,I found this study really interesting and stimulating to carry out. I also found the possibility of being able to draw on the graph to explain my answer really interesting. It was the first study I participated in that allowed me to do this. I will be very happy to participate in future studies like this,,,,,,,,,,,,,,,,,,,,,,,,,,,,,,,,,,,,,,,,,,,,,,,,,,,,,,,,,,,,,,,,,,,,,,,,,,,,,,,,,,,,,,,,,,,,,,,,,,,,,,,,,,,,,,,,,,,,,,,,,,,,,,,,,,,,,,,,,,,,,,,,,,,,,,,,,,,,,,,,,,,,,,,,,,,,,,,,,,,,,,,,,,,,,,,,,,,,,,,,,,,,,,,,,,,,,,,,,,,,,,,,,,,,,,,,,,,,,,,,,,,,,,,,,,,,,,,,,,,,,,,,,,,,,,,,,,,,,,,,,,,,,,,,,,,,,,,,,,,,,,,,,,,,,,,,,,,,,,,,,,,,,,,,,,,,,,,,,,,,,,,,,,,,,,,,,,,,,,,,,,,,,,,,,,,,,,,,,,,,,,,,,,,,,,,,,,,,,,,,,,,,,,,,,,,,,,,,,,,,,,,,,,,,,,,,,,,,,,,,,,,,,,,,,,,,,,,,,,,,,,,,,,,,,,,,,,,,,,,,,,,,,,,,,,,,,,,,,,,,,,,,,,,,,,,,,,,,,,,,,,,,,,,,,,,,,,,,,,,,,,,,,,,,,,,,,,,,,,,,,,,,,,,,,,,,,,,,,,,,,,,,,,,,,,,,,,,,,,,,,,,,,,,,,,,,,,,,,,,,,,,,,,,,,,,,,,,,,,,,,,,,,,,,,,,,,,,,,,,,,,,,,,,,,,,,,,,,,,,,,,,,,,,,,,,,,,,,,,,,,,,,,5aacbb016be3fa00013a3251,False,False,False,False,False,False,False,False,False,False,False,False,False,False
2023-09-11 09:14:17,2023-09-11 09:24:43,IP Address,87.64.127.14,100,625,True,2023-09-11 09:24:46,R_1d604915FatTQRe,,,,,50.6337,5.5675,anonymous,EN,I agree,36.618,56.487,57.872,3,177,27.143,47.238,56.221,4,0,0,18.693,0,F_BFDSmKGvHURIUCZ,signature.png,5469,image/png,nope it was clear ,13.711,49.78,55.965,6,2.563,3.235,3.84,2,2012,12.483,13.853,19.415,3,F_1o11iNY7qMxKins,signature.png,5820,image/png,number of girls is on the vertical line so just followed the highest point Isla was purple and then simply down,11.257,128.487,136.549,10,Falling,8.093,74.333,82.483,3,F_3P6yrvgLP5rUcx2,signature.png,6251,image/png,made arrows as it show clearly all the falling prices ,17.864,47.887,73.367,8,21,Women,Normal vision,,Health resources,Moderately knowledgeable,High school graduate - High school diploma or equivalent (for example: GED),,I am not colorblind,6.229,64.109,65.284,8,it was nice ! Team made good work and good luck with the research ! No issues at all !,,,,,,,,,,,,,,,,,,,,,,,,,,,,,,,,,,,,,,,,,,,,,,,,,,,,,,,,,,,,,,,,,,,,,,,,,,,,,,,,,,,,,,,,,,,,,,,,,,,,,,,,,,,,,,,,,,,,,,,,,,,,,,,,,,,,,,,,,,,,,,,,,,,,,,,,,,,,,,,,,,,,,,,,,,,,,,,,,,,,,,,,,,,,,,,,,,,,,,,,,,,,,,,,,,,,,,,,,,,,,,,,,,,,,,,,,,,,,,,,,,,,,,,,,,,,,,,,,,,,,,,,,,,,,,,,,,,,,,,,,,,,,,,,,,,,,,,,,,,,,,,,,,,,,,,,,,,,,,,,,,,,,,,,,,,,,,,,,,,,,,,,,,,,,,,,,,,,,,,,,,,,,,,,,,,,,,,,,,,,,,,,,,,,,,,,,,,,,,,,,,,,,,,,,,,,,,,,,,,,,,,,,,,,,,,,,,,,,,,,,,,,,,,,,,,,,,,,,,,,,,,,,,,,,,,,,,,,,,,,,,,,,,,,,,,,,,,,,,,,,,,,,,,,,,,,,,,,,,,,,,,,,,,,,,,,,,,,,,,,,,,,,,,,,,,,,,,,,,,,,,,,,,,,,,,,,,,,,,,,,,,,,,,,,,,,,,,,,,,,,,,,,,,,,,,,,,,,,,,,,,,,,,,,,,,,,,,,,,,,,,,,,,,,,,,,,,,,,,,,,,,,,,,,,,,,,,,,,,,,,,,,,,,,,,,,,,,,,,,,,,,,,605f9711f59b7bede82ebc71,False,False,False,False,False,False,False,False,False,False,False,False,False,False
2023-09-11 09:10:57,2023-09-11 09:25:08,IP Address,102.249.6.24,100,851,True,2023-09-11 09:25:11,R_3NQl1pCEi9jCSWo,,,,,-29.8556,31.0449,anonymous,EN,I agree,51.087,51.087,52.3,1,175,32.667,67.959,71.925,3,0,0,20.098,0,F_1LNi9D25zJNjNsZ,signature.png,5619,image/png,The labelling(Height and Weight) of numbers was helpful. ,10.801,121.601,146.757,25,0,0,2.147,0,2012,11.445,66.601,68.363,4,F_2uqvBMnnGWyEQAb,signature.png,4276,image/png,the grid line on the graph helped me determine the year,47.396,113.015,123.911,12,Rising,85.415,85.415,87.737,1,F_1mynLNJLm3prWWp,signature.png,4888,image/png,nothing confused me. lines that labelled months ion the graph was useful,10.769,133.476,134.661,21,22,Women,Normal vision,,Social Sciences,Beginner,"Bachelor’s degree (For example: BA, AB, BS)",,I am not colorblind,2.386,51.589,54.877,9,There were no issues during the study and I also have no suggestions. the study instructions were simple.,,,,,,,,,,,,,,,,,,,,,,,,,,,,,,,,,,,,,,,,,,,,,,,,,,,,,,,,,,,,,,,,,,,,,,,,,,,,,,,,,,,,,,,,,,,,,,,,,,,,,,,,,,,,,,,,,,,,,,,,,,,,,,,,,,,,,,,,,,,,,,,,,,,,,,,,,,,,,,,,,,,,,,,,,,,,,,,,,,,,,,,,,,,,,,,,,,,,,,,,,,,,,,,,,,,,,,,,,,,,,,,,,,,,,,,,,,,,,,,,,,,,,,,,,,,,,,,,,,,,,,,,,,,,,,,,,,,,,,,,,,,,,,,,,,,,,,,,,,,,,,,,,,,,,,,,,,,,,,,,,,,,,,,,,,,,,,,,,,,,,,,,,,,,,,,,,,,,,,,,,,,,,,,,,,,,,,,,,,,,,,,,,,,,,,,,,,,,,,,,,,,,,,,,,,,,,,,,,,,,,,,,,,,,,,,,,,,,,,,,,,,,,,,,,,,,,,,,,,,,,,,,,,,,,,,,,,,,,,,,,,,,,,,,,,,,,,,,,,,,,,,,,,,,,,,,,,,,,,,,,,,,,,,,,,,,,,,,,,,,,,,,,,,,,,,,,,,,,,,,,,,,,,,,,,,,,,,,,,,,,,,,,,,,,,,,,,,,,,,,,,,,,,,,,,,,,,,,,,,,,,,,,,,,,,,,,,,,,,,,,,,,,,,,,,,,,,,,,,,,,,,,,,,,,,,,,,,,,,,,,,,,,,,,,,,,,,,,,,,,,,,,,5f7ec762e9dbb819b8b532c6,False,False,False,False,False,False,False,False,False,False,False,False,False,False
2023-09-11 09:12:40,2023-09-11 09:25:18,IP Address,147.161.163.19,100,757,True,2023-09-11 09:25:21,R_1g1HTtyyW1gJar5,,,,,-26.3811,27.8376,anonymous,EN,I agree,36.987,38.549,40.005,2,177,28.058,90.187,96.471,3,15.817,23.371,25.136,2,F_urDSUVcd3nWfDdT,signature.png,6556,image/png,no. the graph labellings and the dots on the graph,24.696,59.31,93.203,7,0,0,3.551,0,2012,20.282,53.283,54.798,7,F_CZxqrWp6oqsve7f,signature.png,5296,image/png,the colour of the name made it easier to see where the name peaks,17.506,188.27,189.557,15,Rising,18.59,96.202,98.008,6,F_3PCh15YEXP098KO,signature.png,5723,image/png,no nothing was confusing,10.355,34.896,44.015,7,33,Women,Normal vision,,agriculture,Moderately knowledgeable,"Bachelor’s degree (For example: BA, AB, BS)",,I am not colorblind,1.938,51.888,53.596,12,"no, it was easy to find answers. it was perfect",,,,,,,,,,,,,,,,,,,,,,,,,,,,,,,,,,,,,,,,,,,,,,,,,,,,,,,,,,,,,,,,,,,,,,,,,,,,,,,,,,,,,,,,,,,,,,,,,,,,,,,,,,,,,,,,,,,,,,,,,,,,,,,,,,,,,,,,,,,,,,,,,,,,,,,,,,,,,,,,,,,,,,,,,,,,,,,,,,,,,,,,,,,,,,,,,,,,,,,,,,,,,,,,,,,,,,,,,,,,,,,,,,,,,,,,,,,,,,,,,,,,,,,,,,,,,,,,,,,,,,,,,,,,,,,,,,,,,,,,,,,,,,,,,,,,,,,,,,,,,,,,,,,,,,,,,,,,,,,,,,,,,,,,,,,,,,,,,,,,,,,,,,,,,,,,,,,,,,,,,,,,,,,,,,,,,,,,,,,,,,,,,,,,,,,,,,,,,,,,,,,,,,,,,,,,,,,,,,,,,,,,,,,,,,,,,,,,,,,,,,,,,,,,,,,,,,,,,,,,,,,,,,,,,,,,,,,,,,,,,,,,,,,,,,,,,,,,,,,,,,,,,,,,,,,,,,,,,,,,,,,,,,,,,,,,,,,,,,,,,,,,,,,,,,,,,,,,,,,,,,,,,,,,,,,,,,,,,,,,,,,,,,,,,,,,,,,,,,,,,,,,,,,,,,,,,,,,,,,,,,,,,,,,,,,,,,,,,,,,,,,,,,,,,,,,,,,,,,,,,,,,,,,,,,,,,,,,,,,,,,,,,,,,,,,,,,,,,,,,,,,,,61236d32c2154e6d14e7e995,False,False,False,False,False,False,False,False,False,False,False,False,False,False
2023-09-11 09:11:08,2023-09-11 09:25:27,IP Address,165.255.109.32,100,859,True,2023-09-11 09:25:30,R_yPDIDArsCoGsok9,,,,,-29.1252,26.163,anonymous,EN,I agree,4.675,8.727,9.93,6,74,12.957,93.728,96.805,16,4.433,13.821,15.17,5,F_z1r9bxrBUzMpFmN,signature.png,6000,image/png,I confused the unit for weight with the unit for height.,18.092,137.36,138.532,36,2.861,2.861,3.501,1,2012,17.219,101.327,102.695,16,F_3NOtsBAiuf7c1Jl,signature.png,3972,image/png,I looked at the line of the graph and I didn't focus on the colour but the highest point of the graph.,8.753,49.077,105.306,15,Rising,10.826,92.568,94.011,21,F_un4fJn6LMRkrrUZ,signature.png,5214,image/png,The first 6 months the graph is taller compared to after July,4.875,207.13,208.604,42,23,Women,Normal vision,,Somatology,Moderately knowledgeable,"Bachelor’s degree (For example: BA, AB, BS)",,I am not colorblind,1.899,37.43,38.931,17,,,,,,,,,,,,,,,,,,,,,,,,,,,,,,,,,,,,,,,,,,,,,,,,,,,,,,,,,,,,,,,,,,,,,,,,,,,,,,,,,,,,,,,,,,,,,,,,,,,,,,,,,,,,,,,,,,,,,,,,,,,,,,,,,,,,,,,,,,,,,,,,,,,,,,,,,,,,,,,,,,,,,,,,,,,,,,,,,,,,,,,,,,,,,,,,,,,,,,,,,,,,,,,,,,,,,,,,,,,,,,,,,,,,,,,,,,,,,,,,,,,,,,,,,,,,,,,,,,,,,,,,,,,,,,,,,,,,,,,,,,,,,,,,,,,,,,,,,,,,,,,,,,,,,,,,,,,,,,,,,,,,,,,,,,,,,,,,,,,,,,,,,,,,,,,,,,,,,,,,,,,,,,,,,,,,,,,,,,,,,,,,,,,,,,,,,,,,,,,,,,,,,,,,,,,,,,,,,,,,,,,,,,,,,,,,,,,,,,,,,,,,,,,,,,,,,,,,,,,,,,,,,,,,,,,,,,,,,,,,,,,,,,,,,,,,,,,,,,,,,,,,,,,,,,,,,,,,,,,,,,,,,,,,,,,,,,,,,,,,,,,,,,,,,,,,,,,,,,,,,,,,,,,,,,,,,,,,,,,,,,,,,,,,,,,,,,,,,,,,,,,,,,,,,,,,,,,,,,,,,,,,,,,,,,,,,,,,,,,,,,,,,,,,,,,,,,,,,,,,,,,,,,,,,,,,,,,,,,,,,,,,,,,,,,,,,,,,,,,,,,,,,,615c445d4e819c9067bc1b4e,False,False,False,False,False,False,False,False,False,False,False,False,False,False
2023-09-11 09:11:06,2023-09-11 09:26:05,IP Address,41.198.147.1,100,898,True,2023-09-11 09:26:09,R_2EcPAoFwe757M91,,,,,-26.3811,27.8376,anonymous,EN,I agree,26.747,26.747,28.285,1,173,63.955,63.955,84.987,1,0,0,19.172,0,F_2OGvaCXKzM8vjz4,signature.png,7349,image/png,"The vertical and horizontal variables are clearly shown, it was easy to extrapolate to find the height. Nothing was confusing at all.",46.54,88.57,184.95,5,0,0,3.955,0,2012,58.227,59.878,61.208,2,F_1dgeG572tREcbgt,signature.png,5181,image/png,The area chart shows explicitly the data. Nothing was confusing here.,30.938,42.354,114.571,3,Falling,63.898,72.992,77.18,2,F_32VohNytI5ouJLg,signature.png,3964,image/png,The slope of the graph seem to show an average constant behavior. This was quite confusing.,66.136,69.667,122.836,2,27,Man,Normal vision,,IT,Moderately knowledgeable,"Bachelor’s degree (For example: BA, AB, BS)",,I am not colorblind,30.31,124.358,126.18,7,"The survey had no issues at all, other than the slop of the area graph.",,,,,,,,,,,,,,,,,,,,,,,,,,,,,,,,,,,,,,,,,,,,,,,,,,,,,,,,,,,,,,,,,,,,,,,,,,,,,,,,,,,,,,,,,,,,,,,,,,,,,,,,,,,,,,,,,,,,,,,,,,,,,,,,,,,,,,,,,,,,,,,,,,,,,,,,,,,,,,,,,,,,,,,,,,,,,,,,,,,,,,,,,,,,,,,,,,,,,,,,,,,,,,,,,,,,,,,,,,,,,,,,,,,,,,,,,,,,,,,,,,,,,,,,,,,,,,,,,,,,,,,,,,,,,,,,,,,,,,,,,,,,,,,,,,,,,,,,,,,,,,,,,,,,,,,,,,,,,,,,,,,,,,,,,,,,,,,,,,,,,,,,,,,,,,,,,,,,,,,,,,,,,,,,,,,,,,,,,,,,,,,,,,,,,,,,,,,,,,,,,,,,,,,,,,,,,,,,,,,,,,,,,,,,,,,,,,,,,,,,,,,,,,,,,,,,,,,,,,,,,,,,,,,,,,,,,,,,,,,,,,,,,,,,,,,,,,,,,,,,,,,,,,,,,,,,,,,,,,,,,,,,,,,,,,,,,,,,,,,,,,,,,,,,,,,,,,,,,,,,,,,,,,,,,,,,,,,,,,,,,,,,,,,,,,,,,,,,,,,,,,,,,,,,,,,,,,,,,,,,,,,,,,,,,,,,,,,,,,,,,,,,,,,,,,,,,,,,,,,,,,,,,,,,,,,,,,,,,,,,,,,,,,,,,,,,,,,,,,,,,,,,,60f74376f85811084457d2b7,False,False,False,False,False,False,False,False,False,False,False,False,False,False
2023-09-11 09:11:06,2023-09-11 09:26:10,IP Address,80.233.19.94,100,903,True,2023-09-11 09:26:12,R_2vc8A3xQd2VsKYq,,,,,53.5418,-6.625,anonymous,EN,I agree,24.325,24.325,26.258,1,176,41.336,41.336,56.064,1,0,0,28.988,0,F_1IsdJ6WCKVwLylF,signature.png,6921,image/png,"I looked for the weight axis, found the dot of the heaviest person and followed it down to the height axis. Then i worked out roughly the interval between 175 and 180. It should be somewhere near 177.",22.012,85.147,219.777,8,2.098,2.098,3.27,1,2014,35.119,39.387,55.882,2,,,,,,,,,,Falling,64.323,64.323,73.606,1,F_xFPboCSDRl07Zjb,signature.png,4019,image/png,I looked at the overall shape of the graph. It look like although the price is fairly stable the price is slightly falling. The peaks are lower as time goes on and the lows are also lower. from June the decline is very steep.,14.844,292.03,293.933,17,30,Women,"Corrected-to-normal vision (glasses, contacts, etc)",,Computer Science,Moderately knowledgeable,"Bachelor’s degree (For example: BA, AB, BS)",,I am not colorblind,1.247,28.007,35.117,7,the marker is a bit thick for drawing and the page scaling means i needed to scroll down to show the lower part of the image when reading the charts which makes precision more difficult.,,,,,,,,,,,,,,,,,,,,,,,,,,,,,,,,,,,,,,,,,,,,,,,,,,,,,,,,,,,,,,,,,,,,,,,,,,,,,,,,,,,,,,,,,,,,,,,,,,,,,,,,,,,,,,,,,,,,,,,,,,,,,,,,,,,,,,,,,,,,,,,,,,,,,,,,,,,,,,,,,,,,,,,,,,,,,,,,,,,,,,,,,,,,,,,,,,,,,,,,,,,,,,,,,,,,,,,,,,,,,,,,,,,,,,,,,,,,,,,,,,,,,,,,,,,,,,,,,,,,,,,,,,,,,,,,,,,,,,,,,,,,,,,,,,,,,,,,,,,,,,,,,,,,,,,,,,,,,,,,,,,,,,,,,,,,,,,,,,,,,,,,,,,,,,,,,,,,,,,,,,,,,,,,,,,,,,,,,,,,,,,,,,,,,,,,,,,,,,,,,,,,,,,,,,,,,,,,,,,,,,,,,,,,,,,,,,,,,,,,,,,,,,,,,,,,,,,,,,,,,,,,,,,,,,,,,,,,,,,,,,,,,,,,,,,,,,,,,,,,,,,,,,,,,,,,,,,,,,,,,,,,,,,,,,,,,,,,,,,,,,,,,,,,,,,,,,,,,,,,,,,,,,,,,,,,,,,,,,,,,,,,,,,,,,,,,,,,,,,,,,,,,,,,,,,,,,,,,,,,,,,,,,,,,,,,,,,,,,,,,,,,,,,,,,,,,,,,,,,,,,,,,,,,,,,,,,,,,,,,,,,,,,,,,,,,,,,,,,,,,,,,,5996ec910ed7ae0001991755,False,False,False,False,False,False,False,False,False,False,False,False,False,False
2023-09-11 09:10:12,2023-09-11 09:26:38,IP Address,93.35.133.11,100,986,True,2023-09-11 09:26:41,R_2VrRowjxaAjvy9M,,,,,37.4925,15.0701,anonymous,EN,I agree,86.5,86.894,87.759,2,177,15.269,63.721,68.559,5,0,0,13.859,0,F_XIdHbqbyvZ8tURj,signature.png,7519,image/png,i just looked at the highest point and see what's its height,32.551,172.59,184.805,35,0,0,1.72,0,I'm not sure.,99.849,319.976,321.123,4,F_1l6pb3D4LhmgPMm,signature.png,3375,image/png,"the area looks like has the maximum height at 2014, but i'm not sure",17.051,141.532,154.025,15,Constant,23.658,60.917,70.443,4,,,,,,,,,,22,Man,Normal vision,,physics,Beginner,Some college but no degree,,I am not colorblind,0.948,64.461,65.878,15,,,,,,,,,,,,,,,,,,,,,,,,,,,,,,,,,,,,,,,,,,,,,,,,,,,,,,,,,,,,,,,,,,,,,,,,,,,,,,,,,,,,,,,,,,,,,,,,,,,,,,,,,,,,,,,,,,,,,,,,,,,,,,,,,,,,,,,,,,,,,,,,,,,,,,,,,,,,,,,,,,,,,,,,,,,,,,,,,,,,,,,,,,,,,,,,,,,,,,,,,,,,,,,,,,,,,,,,,,,,,,,,,,,,,,,,,,,,,,,,,,,,,,,,,,,,,,,,,,,,,,,,,,,,,,,,,,,,,,,,,,,,,,,,,,,,,,,,,,,,,,,,,,,,,,,,,,,,,,,,,,,,,,,,,,,,,,,,,,,,,,,,,,,,,,,,,,,,,,,,,,,,,,,,,,,,,,,,,,,,,,,,,,,,,,,,,,,,,,,,,,,,,,,,,,,,,,,,,,,,,,,,,,,,,,,,,,,,,,,,,,,,,,,,,,,,,,,,,,,,,,,,,,,,,,,,,,,,,,,,,,,,,,,,,,,,,,,,,,,,,,,,,,,,,,,,,,,,,,,,,,,,,,,,,,,,,,,,,,,,,,,,,,,,,,,,,,,,,,,,,,,,,,,,,,,,,,,,,,,,,,,,,,,,,,,,,,,,,,,,,,,,,,,,,,,,,,,,,,,,,,,,,,,,,,,,,,,,,,,,,,,,,,,,,,,,,,,,,,,,,,,,,,,,,,,,,,,,,,,,,,,,,,,,,,,,,,,,,,,,,,,,,,5f4cc4ea00dba58ecd5a98a4,False,False,False,False,False,False,False,False,False,False,False,False,False,False
2023-09-11 09:11:18,2023-09-11 09:26:48,IP Address,197.229.0.167,100,929,True,2023-09-11 09:26:51,R_2wHN6oRdVTzCZek,,,,,-33.91,18.4304,anonymous,EN,I agree,11.67,21.688,23.021,5,74,24.783,36.266,43.521,3,44.659,49.239,50.877,2,F_1hEewipuAGMihZP,signature.png,5581,image/png,I looked at the variables to find which indicated weight. No there was no dificulty.,12.285,118.564,185.539,29,0,0,2.882,0,2012,14.702,67.057,69.912,8,F_3KpzAlwTcocxeTe,signature.png,3891,image/png,I looked at the different colors and what they represented. I then looked at the variables to see which one indicated the number of years.,6.523,75.926,122.971,9,Rising,19.11,86.81,88.016,7,F_1eDXKoisyQRlPdl,signature.png,4563,image/png,I looked at both variables for the x and y axis and counted the number of months to make sure I am at the right price of coffee.,9.636,71.473,178.071,16,25,Women,Normal vision,,Marketing,Moderately knowledgeable,Some college but no degree,,I am not colorblind,1.706,89.917,91.456,16,No issues encountered.,,,,,,,,,,,,,,,,,,,,,,,,,,,,,,,,,,,,,,,,,,,,,,,,,,,,,,,,,,,,,,,,,,,,,,,,,,,,,,,,,,,,,,,,,,,,,,,,,,,,,,,,,,,,,,,,,,,,,,,,,,,,,,,,,,,,,,,,,,,,,,,,,,,,,,,,,,,,,,,,,,,,,,,,,,,,,,,,,,,,,,,,,,,,,,,,,,,,,,,,,,,,,,,,,,,,,,,,,,,,,,,,,,,,,,,,,,,,,,,,,,,,,,,,,,,,,,,,,,,,,,,,,,,,,,,,,,,,,,,,,,,,,,,,,,,,,,,,,,,,,,,,,,,,,,,,,,,,,,,,,,,,,,,,,,,,,,,,,,,,,,,,,,,,,,,,,,,,,,,,,,,,,,,,,,,,,,,,,,,,,,,,,,,,,,,,,,,,,,,,,,,,,,,,,,,,,,,,,,,,,,,,,,,,,,,,,,,,,,,,,,,,,,,,,,,,,,,,,,,,,,,,,,,,,,,,,,,,,,,,,,,,,,,,,,,,,,,,,,,,,,,,,,,,,,,,,,,,,,,,,,,,,,,,,,,,,,,,,,,,,,,,,,,,,,,,,,,,,,,,,,,,,,,,,,,,,,,,,,,,,,,,,,,,,,,,,,,,,,,,,,,,,,,,,,,,,,,,,,,,,,,,,,,,,,,,,,,,,,,,,,,,,,,,,,,,,,,,,,,,,,,,,,,,,,,,,,,,,,,,,,,,,,,,,,,,,,,,,,,,,,,,,615ed775a1a249fe4b81b7ea,False,False,False,False,False,False,False,False,False,False,False,False,False,False
2023-09-11 09:11:22,2023-09-11 09:27:33,IP Address,41.150.194.25,100,970,True,2023-09-11 09:27:35,R_302DszApCqGAGLr,,,,,-26.3811,27.8376,anonymous,EN,I agree,7.602,9.736,11.659,2,177,152.198,152.198,158.171,1,0,0,32.827,0,F_2PvY0q4BWK1eLjC,signature.png,4341,image/png,nothing was confusing,38.349,216.77,230.226,13,0,0,3.774,0,2012,66.703,70.041,77.421,2,F_11baGDgchr0S7jZ,signature.png,4301,image/png,there were 10500 girls named Isla in 2012 which is more than any other years,22.625,182.23,189.866,8,Constant,85.09,86.158,98.939,2,,,,,,,,,,23,Man,Normal vision,,Engineering ,Relatively Skilled,"Bachelor’s degree (For example: BA, AB, BS)",,I am not colorblind,1.672,53.916,57.927,7,,,,,,,,,,,,,,,,,,,,,,,,,,,,,,,,,,,,,,,,,,,,,,,,,,,,,,,,,,,,,,,,,,,,,,,,,,,,,,,,,,,,,,,,,,,,,,,,,,,,,,,,,,,,,,,,,,,,,,,,,,,,,,,,,,,,,,,,,,,,,,,,,,,,,,,,,,,,,,,,,,,,,,,,,,,,,,,,,,,,,,,,,,,,,,,,,,,,,,,,,,,,,,,,,,,,,,,,,,,,,,,,,,,,,,,,,,,,,,,,,,,,,,,,,,,,,,,,,,,,,,,,,,,,,,,,,,,,,,,,,,,,,,,,,,,,,,,,,,,,,,,,,,,,,,,,,,,,,,,,,,,,,,,,,,,,,,,,,,,,,,,,,,,,,,,,,,,,,,,,,,,,,,,,,,,,,,,,,,,,,,,,,,,,,,,,,,,,,,,,,,,,,,,,,,,,,,,,,,,,,,,,,,,,,,,,,,,,,,,,,,,,,,,,,,,,,,,,,,,,,,,,,,,,,,,,,,,,,,,,,,,,,,,,,,,,,,,,,,,,,,,,,,,,,,,,,,,,,,,,,,,,,,,,,,,,,,,,,,,,,,,,,,,,,,,,,,,,,,,,,,,,,,,,,,,,,,,,,,,,,,,,,,,,,,,,,,,,,,,,,,,,,,,,,,,,,,,,,,,,,,,,,,,,,,,,,,,,,,,,,,,,,,,,,,,,,,,,,,,,,,,,,,,,,,,,,,,,,,,,,,,,,,,,,,,,,,,,,,,,,,,,,,611e327c7a46d3814231d581,False,False,False,False,False,False,False,False,False,False,False,False,False,False
2023-09-11 09:11:19,2023-09-11 09:28:39,IP Address,41.144.193.167,100,1039,True,2023-09-11 09:28:42,R_2y2ixRbySuY70c3,,,,,-29.1252,26.163,anonymous,EN,I agree,15.415,50.57,52.808,6,177,10.418,35.675,39.414,4,23.508,28.329,30.327,2,F_1JK13ps2o7wHGvE,signature.png,5602,image/png,reading the axes correctly and estimating the divisions (each square),16.632,164.82,166.055,16,0,0,2.523,0,2012,33.3,47.04,48.33,6,F_2zTLsaWOiJmywKB,signature.png,3743,image/png,Nothing was confusing.I looked at the highest point on the graph,9.333,50.949,84.944,11,Falling,104.689,162.447,178.496,5,F_BQ9aDfoSCLtEi4h,signature.png,3023,image/png,the peaks decreased slightly,10.661,43.801,64.702,9,30,Women,Normal vision,,Chemistry,Moderately knowledgeable,"Bachelor’s degree (For example: BA, AB, BS)",,I am not colorblind,1.952,57.276,58.713,12,No i did not,,,,,,,,,,,,,,,,,,,,,,,,,,,,,,,,,,,,,,,,,,,,,,,,,,,,,,,,,,,,,,,,,,,,,,,,,,,,,,,,,,,,,,,,,,,,,,,,,,,,,,,,,,,,,,,,,,,,,,,,,,,,,,,,,,,,,,,,,,,,,,,,,,,,,,,,,,,,,,,,,,,,,,,,,,,,,,,,,,,,,,,,,,,,,,,,,,,,,,,,,,,,,,,,,,,,,,,,,,,,,,,,,,,,,,,,,,,,,,,,,,,,,,,,,,,,,,,,,,,,,,,,,,,,,,,,,,,,,,,,,,,,,,,,,,,,,,,,,,,,,,,,,,,,,,,,,,,,,,,,,,,,,,,,,,,,,,,,,,,,,,,,,,,,,,,,,,,,,,,,,,,,,,,,,,,,,,,,,,,,,,,,,,,,,,,,,,,,,,,,,,,,,,,,,,,,,,,,,,,,,,,,,,,,,,,,,,,,,,,,,,,,,,,,,,,,,,,,,,,,,,,,,,,,,,,,,,,,,,,,,,,,,,,,,,,,,,,,,,,,,,,,,,,,,,,,,,,,,,,,,,,,,,,,,,,,,,,,,,,,,,,,,,,,,,,,,,,,,,,,,,,,,,,,,,,,,,,,,,,,,,,,,,,,,,,,,,,,,,,,,,,,,,,,,,,,,,,,,,,,,,,,,,,,,,,,,,,,,,,,,,,,,,,,,,,,,,,,,,,,,,,,,,,,,,,,,,,,,,,,,,,,,,,,,,,,,,,,,,,,,,,,,60e9730eca01b5317c0125e6,False,False,False,False,False,False,False,False,False,False,False,False,False,False
2023-09-11 09:11:35,2023-09-11 09:29:15,IP Address,41.113.245.210,100,1059,True,2023-09-11 09:29:17,R_1Fr0Eq5dwHhI1Td,,,,,-26.3811,27.8376,anonymous,EN,I agree,4.056,4.056,5.151,1,177,67.307,67.307,89.918,1,0,0,114.192,0,F_2s6YJymZtU56Eh0,signature.png,8333,image/png,"I looked for the heaviest weight that was dotted then i scald down to the height, to answer the question.",51.216,64.682,134.31,5,0,0,3.406,0,2012,135.098,137.415,138.317,2,F_5sSHPPu5ziYuBFL,signature.png,4773,image/png,"I looked for where the Isla colour was at its highest. I found the question a bit confusing, the wording could have been easiser like ""which year was the number of girls named 'Isla' at the maximum?""",27.191,169.909,173.017,15,Rising,64.916,70.227,73.002,2,F_OIKhFsLlUQGxACB,signature.png,6800,image/png,"June is obviously the sixth month of the year so I looked for where it would be on the chart and scaled up to where it was priced. I compared June's price to the last three months. However, i made a mistake by selecting rising instead of falling. ",27.688,189.806,230.204,18,25,Man,Normal vision,,Communications,Relatively Skilled,"Bachelor’s degree (For example: BA, AB, BS)",,I am not colorblind,1.044,42.178,43.196,10,"No, I did not encounter any major issues.",,,,,,,,,,,,,,,,,,,,,,,,,,,,,,,,,,,,,,,,,,,,,,,,,,,,,,,,,,,,,,,,,,,,,,,,,,,,,,,,,,,,,,,,,,,,,,,,,,,,,,,,,,,,,,,,,,,,,,,,,,,,,,,,,,,,,,,,,,,,,,,,,,,,,,,,,,,,,,,,,,,,,,,,,,,,,,,,,,,,,,,,,,,,,,,,,,,,,,,,,,,,,,,,,,,,,,,,,,,,,,,,,,,,,,,,,,,,,,,,,,,,,,,,,,,,,,,,,,,,,,,,,,,,,,,,,,,,,,,,,,,,,,,,,,,,,,,,,,,,,,,,,,,,,,,,,,,,,,,,,,,,,,,,,,,,,,,,,,,,,,,,,,,,,,,,,,,,,,,,,,,,,,,,,,,,,,,,,,,,,,,,,,,,,,,,,,,,,,,,,,,,,,,,,,,,,,,,,,,,,,,,,,,,,,,,,,,,,,,,,,,,,,,,,,,,,,,,,,,,,,,,,,,,,,,,,,,,,,,,,,,,,,,,,,,,,,,,,,,,,,,,,,,,,,,,,,,,,,,,,,,,,,,,,,,,,,,,,,,,,,,,,,,,,,,,,,,,,,,,,,,,,,,,,,,,,,,,,,,,,,,,,,,,,,,,,,,,,,,,,,,,,,,,,,,,,,,,,,,,,,,,,,,,,,,,,,,,,,,,,,,,,,,,,,,,,,,,,,,,,,,,,,,,,,,,,,,,,,,,,,,,,,,,,,,,,,,,,,,,,,,,,60d99408d8ecc5cfef9b89be,False,False,False,False,False,False,False,False,False,False,False,False,False,False
2023-09-11 09:11:13,2023-09-11 09:30:29,IP Address,102.33.145.171,100,1156,True,2023-09-11 09:30:32,R_27QfgngJxBeGgy7,,,,,-25.7599,28.2604,anonymous,EN,I agree,404.432,404.432,406.427,1,178,59.613,59.613,72.769,1,0,0,31.08,0,F_Rk2VMYdMAZMkg6d,signature.png,6119,image/png,there was nothing confusing.,37.713,72.514,90.055,4,0,0,2.842,0,2012,35.21,38.212,39.967,2,F_24Gl5sGpr7Q3QfN,signature.png,3789,image/png,the different color codes for the names was helpful.,65.82,139.52,142.762,9,I'm not sure,114.744,160.446,163.891,2,F_21jo8HVI0meF24O,signature.png,3130,image/png,The price was fluctuating throughout six months.,20.371,109.721,112.6,5,22,Women,Normal vision,,BSc Physics,Moderately knowledgeable,Some college but no degree,,I am not colorblind,2.349,54.79,57.478,7,,,,,,,,,,,,,,,,,,,,,,,,,,,,,,,,,,,,,,,,,,,,,,,,,,,,,,,,,,,,,,,,,,,,,,,,,,,,,,,,,,,,,,,,,,,,,,,,,,,,,,,,,,,,,,,,,,,,,,,,,,,,,,,,,,,,,,,,,,,,,,,,,,,,,,,,,,,,,,,,,,,,,,,,,,,,,,,,,,,,,,,,,,,,,,,,,,,,,,,,,,,,,,,,,,,,,,,,,,,,,,,,,,,,,,,,,,,,,,,,,,,,,,,,,,,,,,,,,,,,,,,,,,,,,,,,,,,,,,,,,,,,,,,,,,,,,,,,,,,,,,,,,,,,,,,,,,,,,,,,,,,,,,,,,,,,,,,,,,,,,,,,,,,,,,,,,,,,,,,,,,,,,,,,,,,,,,,,,,,,,,,,,,,,,,,,,,,,,,,,,,,,,,,,,,,,,,,,,,,,,,,,,,,,,,,,,,,,,,,,,,,,,,,,,,,,,,,,,,,,,,,,,,,,,,,,,,,,,,,,,,,,,,,,,,,,,,,,,,,,,,,,,,,,,,,,,,,,,,,,,,,,,,,,,,,,,,,,,,,,,,,,,,,,,,,,,,,,,,,,,,,,,,,,,,,,,,,,,,,,,,,,,,,,,,,,,,,,,,,,,,,,,,,,,,,,,,,,,,,,,,,,,,,,,,,,,,,,,,,,,,,,,,,,,,,,,,,,,,,,,,,,,,,,,,,,,,,,,,,,,,,,,,,,,,,,,,,,,,,,,,,,,,616ef5825430c20775b0af29,False,False,False,False,False,False,False,False,False,False,False,False,False,False
